title,year,journal,authors,doi,labels
Comparison of Spectroscopy-Based Methods and Chemometrics to Confirm Classification of Specialty Coffees,2022,Foods,"Belchior, V. and Botelho, B.G. and Franca, A.S.",10.3390/foods11111655,specialty_coffee
Specialty and regular coffee bean quality for cold and hot brewing: Evaluation of sensory profile and physicochemical characteristics,2021,LWT,"Córdoba, N. and Moreno, F.L. and Osorio, C. and Velásquez, S. and Fernandez-Alduenda, M. and Ruiz-Pardo, Y.",10.1016/j.lwt.2021.111363,specialty_coffee
"Coffee Drying and Processing Method Influence Quality of Arabica Coffee Varieties (Coffea arabica L.) at Gomma i and Limmu Kossa, Southwest Ethiopia",2022,Journal of Food Quality,"Firdissa, E. and Mohammed, A. and Berecha, G. and Garedew, W.",10.1155/2022/9184374,solar_drying
"Coffee Drying and Processing Method Influence Quality of Arabica Coffee Varieties (Coffea arabica L.) at Gomma i and Limmu Kossa, Southwest Ethiopia",2022,Journal of Food Quality,"Firdissa, E. and Mohammed, A. and Berecha, G. and Garedew, W.",10.1155/2022/9184374,coffee_quality
"Coffee Drying and Processing Method Influence Quality of Arabica Coffee Varieties (Coffea arabica L.) at Gomma i and Limmu Kossa, Southwest Ethiopia",2022,Journal of Food Quality,"Firdissa, E. and Mohammed, A. and Berecha, G. and Garedew, W.",10.1155/2022/9184374,coffee_drying_stage
A field survey on coffee beans drying methods of Indonesian small holder farmers,2017,IOP Conference Series: Materials Science and Engineering,"Siagian, P. and Setyawan, E.Y. and Gultom, T. and Napitupulu, F.H. and Ambarita, H.",10.1088/1757-899X/237/1/012037,solar_drying
A field survey on coffee beans drying methods of Indonesian small holder farmers,2017,IOP Conference Series: Materials Science and Engineering,"Siagian, P. and Setyawan, E.Y. and Gultom, T. and Napitupulu, F.H. and Ambarita, H.",10.1088/1757-899X/237/1/012037,coffee_drying_stage
Thermo-economic comparative of open-greenhouse and sun-patio coffee drying in the Sierra Mariscal Chiapas-México,2025,Case Studies in Thermal Engineering,"Santizo-Díaz, D. and Flores-Prieto, J.J.",10.1016/j.csite.2025.106072,solar_drying
Thermo-economic comparative of open-greenhouse and sun-patio coffee drying in the Sierra Mariscal Chiapas-México,2025,Case Studies in Thermal Engineering,"Santizo-Díaz, D. and Flores-Prieto, J.J.",10.1016/j.csite.2025.106072,drying_kinetics
Thermo-economic comparative of open-greenhouse and sun-patio coffee drying in the Sierra Mariscal Chiapas-México,2025,Case Studies in Thermal Engineering,"Santizo-Díaz, D. and Flores-Prieto, J.J.",10.1016/j.csite.2025.106072,coffee_drying_stage
Changes in physico-chemical characteristics of robusta coffee (Coffea canephora) during natural process using simple solar dryer,2024,BIO Web of Conferences,"Harijono, M.F.W. and Wulan, S.N. and Ali, D.Y. and Riza D.F.A. and Izza N. and Gustinasari K. and Maharsih I.K. and Sunarharum W.B. and Nurcholis M. and Dewanti B.S.D. and Widayanti V.T. and Mufidah E. and Qisthiya I. and Karadag D. and Idrus S. and Umakoshi H. and Lee Y.C. and Fatchurrahman D. and Zhu M. and Omwange K.A. and Addini T.",10.1051/bioconf/20249001003,solar_drying
Changes in physico-chemical characteristics of robusta coffee (Coffea canephora) during natural process using simple solar dryer,2024,BIO Web of Conferences,"Harijono, M.F.W. and Wulan, S.N. and Ali, D.Y. and Riza D.F.A. and Izza N. and Gustinasari K. and Maharsih I.K. and Sunarharum W.B. and Nurcholis M. and Dewanti B.S.D. and Widayanti V.T. and Mufidah E. and Qisthiya I. and Karadag D. and Idrus S. and Umakoshi H. and Lee Y.C. and Fatchurrahman D. and Zhu M. and Omwange K.A. and Addini T.",10.1051/bioconf/20249001003,coffee_quality
Changes in physico-chemical characteristics of robusta coffee (Coffea canephora) during natural process using simple solar dryer,2024,BIO Web of Conferences,"Harijono, M.F.W. and Wulan, S.N. and Ali, D.Y. and Riza D.F.A. and Izza N. and Gustinasari K. and Maharsih I.K. and Sunarharum W.B. and Nurcholis M. and Dewanti B.S.D. and Widayanti V.T. and Mufidah E. and Qisthiya I. and Karadag D. and Idrus S. and Umakoshi H. and Lee Y.C. and Fatchurrahman D. and Zhu M. and Omwange K.A. and Addini T.",10.1051/bioconf/20249001003,coffee_drying_stage
Rice husk energy rotary dryer experiment for improved solar drying thermal performance on cherry coffee,2023,Case Studies in Thermal Engineering,"Bawa Susana, I.G. and Alit, I.B. and Okariawan, I.D.K.",10.1016/j.csite.2022.102616,solar_drying
Rice husk energy rotary dryer experiment for improved solar drying thermal performance on cherry coffee,2023,Case Studies in Thermal Engineering,"Bawa Susana, I.G. and Alit, I.B. and Okariawan, I.D.K.",10.1016/j.csite.2022.102616,mechanical_drying
Rice husk energy rotary dryer experiment for improved solar drying thermal performance on cherry coffee,2023,Case Studies in Thermal Engineering,"Bawa Susana, I.G. and Alit, I.B. and Okariawan, I.D.K.",10.1016/j.csite.2022.102616,coffee_drying_stage
Preliminary study of drying of natural coffee by cyclical pressure changes,2020,DYNA (Colombia),"Parra-Coronado, A. and García-Navarrete, O.L. and Vanegas-Izquierdo, F.A. and Gamboa-Gamboa, J.A. and González-Mora, A.F. and Ramírez-González, D.A.",10.15446/DYNA.V87N214.83414,solar_drying
Preliminary study of drying of natural coffee by cyclical pressure changes,2020,DYNA (Colombia),"Parra-Coronado, A. and García-Navarrete, O.L. and Vanegas-Izquierdo, F.A. and Gamboa-Gamboa, J.A. and González-Mora, A.F. and Ramírez-González, D.A.",10.15446/DYNA.V87N214.83414,mechanical_drying
Preliminary study of drying of natural coffee by cyclical pressure changes,2020,DYNA (Colombia),"Parra-Coronado, A. and García-Navarrete, O.L. and Vanegas-Izquierdo, F.A. and Gamboa-Gamboa, J.A. and González-Mora, A.F. and Ramírez-González, D.A.",10.15446/DYNA.V87N214.83414,coffee_drying_stage
Bioclimatic performance of wet coffee processing facilities: Conditions for workers and coffee,2022,Revista Facultad Nacional de Agronomia Medellin,"Guerra García, L.M. and Osorio Hernández, R. and Saráz, J.A.O. and Carlo, J.C. and Damasceno, F.A.",10.15446/RFNAM.V75N1.96247,coffee_processing
Enhancing the performance of conventional coffee beans drying with low-temperature geothermal energy by applying HPHE: An experimental study,2021,Open Agriculture,"Gunawan, Y. and Margono, K.T. and Rizky, R. and Putra, N. and Faqih, R.A. and Hakim, I.I. and Setiadanu, G.T. and Suntoro, D. and Kasbi, S. and Nafis, S.",10.1515/opag-2021-0053,mechanical_drying
Enhancing the performance of conventional coffee beans drying with low-temperature geothermal energy by applying HPHE: An experimental study,2021,Open Agriculture,"Gunawan, Y. and Margono, K.T. and Rizky, R. and Putra, N. and Faqih, R.A. and Hakim, I.I. and Setiadanu, G.T. and Suntoro, D. and Kasbi, S. and Nafis, S.",10.1515/opag-2021-0053,coffee_drying_stage
"Effectiveness of a coffee drying process using solar dryers with a continuous air flow system powered by photovoltaic energy, in the San Martín region, Peru",2019,Informacion Tecnologica,"Prada, Á. and Vela, C.P. and Bardález, G. and Saavedra, J.",10.4067/S0718-07642019000600085,mechanical_drying
"Effectiveness of a coffee drying process using solar dryers with a continuous air flow system powered by photovoltaic energy, in the San Martín region, Peru",2019,Informacion Tecnologica,"Prada, Á. and Vela, C.P. and Bardález, G. and Saavedra, J.",10.4067/S0718-07642019000600085,coffee_drying_stage
Performance Analysis and Kinetic Modeling of Coffee Beans in Microwave Convective Dryer Integrated Photovoltaic System,2022,Mathematical Modelling of Engineering Problems,"Kusmiyati, K. and Fudholi, A.",10.18280/mmep.090427,mechanical_drying
Performance Analysis and Kinetic Modeling of Coffee Beans in Microwave Convective Dryer Integrated Photovoltaic System,2022,Mathematical Modelling of Engineering Problems,"Kusmiyati, K. and Fudholi, A.",10.18280/mmep.090427,coffee_drying_stage
Influence of drying air temperature on coffee quality during storage,2023,Revista Facultad Nacional de Agronomia Medellin,"Peñuela-Martínez, A.E. and Sanz-Uribe, J.R. and Medina-Rivera, R.D.",10.15446/rfnam.v76n3.104115,coffee_quality
Influence of drying air temperature on coffee quality during storage,2023,Revista Facultad Nacional de Agronomia Medellin,"Peñuela-Martínez, A.E. and Sanz-Uribe, J.R. and Medina-Rivera, R.D.",10.15446/rfnam.v76n3.104115,mechanical_drying
Influence of drying air temperature on coffee quality during storage,2023,Revista Facultad Nacional de Agronomia Medellin,"Peñuela-Martínez, A.E. and Sanz-Uribe, J.R. and Medina-Rivera, R.D.",10.15446/rfnam.v76n3.104115,coffee_drying_stage
"Effect of processing and drying methods on biochemical composition of coffee (Coffea arabica L.) varieties in Jimma Zone, Southwestern Ethiopia",2022,Cogent Food and Agriculture,"Eshetu, E.F. and Tolassa, K. and Mohammed, A. and Berecha, G. and Garedew, W.",10.1080/23311932.2022.2121203,coffee_quality
"Effect of processing and drying methods on biochemical composition of coffee (Coffea arabica L.) varieties in Jimma Zone, Southwestern Ethiopia",2022,Cogent Food and Agriculture,"Eshetu, E.F. and Tolassa, K. and Mohammed, A. and Berecha, G. and Garedew, W.",10.1080/23311932.2022.2121203,coffee_drying_stage
Comparative analysis of coffee drying on quality with variations in dryers made solar collectors,2024,AIP Conference Proceedings,"Siagian, P. and Napitupulu, F.H. and Ambarita, H. and Sihombing, H.V. and Siagian, H. and Rahim R. and Kurniawati H. and Radiansyah I.R.",10.1063/5.0202116,coffee_quality
Comparative analysis of coffee drying on quality with variations in dryers made solar collectors,2024,AIP Conference Proceedings,"Siagian, P. and Napitupulu, F.H. and Ambarita, H. and Sihombing, H.V. and Siagian, H. and Rahim R. and Kurniawati H. and Radiansyah I.R.",10.1063/5.0202116,coffee_drying_stage
"Physical, Sensorial, and Physicochemical Characteristics of Arabica Coffee Dried under Two Solar Brightness Conditions",2023,Processes,"Peñuela-Martínez, A.E. and Hower-García, I.P. and Guerrero, A. and Agudelo-Laverde, L.M. and Betancourt-Rodríguez, H. and Martínez-Giraldo, J.",10.3390/pr11103016,coffee_quality
"Physical, Sensorial, and Physicochemical Characteristics of Arabica Coffee Dried under Two Solar Brightness Conditions",2023,Processes,"Peñuela-Martínez, A.E. and Hower-García, I.P. and Guerrero, A. and Agudelo-Laverde, L.M. and Betancourt-Rodríguez, H. and Martínez-Giraldo, J.",10.3390/pr11103016,coffee_drying_stage
Performance Evaluation of an Inflated Solar Dryer Integrated with Phase Change Materials for Enhanced Drying of Cherry Coffee,2025,International Journal of Design and Nature and Ecodynamics,"Maryana, Y.E. and Saputra, D. and Priyanto, G. and Yuliati, K.",10.18280/ijdne.200119,coffee_quality
Performance Evaluation of an Inflated Solar Dryer Integrated with Phase Change Materials for Enhanced Drying of Cherry Coffee,2025,International Journal of Design and Nature and Ecodynamics,"Maryana, Y.E. and Saputra, D. and Priyanto, G. and Yuliati, K.",10.18280/ijdne.200119,coffee_drying_stage
Drying air temperature profile of independent hybrid solar dryer for agricultural products in respect to different energy supplies (a research note),2020,IOP Conference Series: Earth and Environmental Science,"Yuwana, Y. and Silvia, E. and Sidebang, B. and Habazar T. and Yonariza null and Yulnafatmawita null and Mahdi null and Hayati D. and Arief I.",10.1088/1755-1315/583/1/012033,drying_kinetics
Drying air temperature profile of independent hybrid solar dryer for agricultural products in respect to different energy supplies (a research note),2020,IOP Conference Series: Earth and Environmental Science,"Yuwana, Y. and Silvia, E. and Sidebang, B. and Habazar T. and Yonariza null and Yulnafatmawita null and Mahdi null and Hayati D. and Arief I.",10.1088/1755-1315/583/1/012033,mechanical_drying
Drying air temperature profile of independent hybrid solar dryer for agricultural products in respect to different energy supplies (a research note),2020,IOP Conference Series: Earth and Environmental Science,"Yuwana, Y. and Silvia, E. and Sidebang, B. and Habazar T. and Yonariza null and Yulnafatmawita null and Mahdi null and Hayati D. and Arief I.",10.1088/1755-1315/583/1/012033,coffee_drying_stage
Energy analysis of a hybrid solar dryer for drying coffee beans,2020,International Journal of Renewable Energy Development,"Suherman, S. and Widuri, H. and Patricia, S. and Susanto, E.E. and Sutrisna, R.J.",10.14710/ijred.9.1.131-139,energy_efficiency
Energy analysis of a hybrid solar dryer for drying coffee beans,2020,International Journal of Renewable Energy Development,"Suherman, S. and Widuri, H. and Patricia, S. and Susanto, E.E. and Sutrisna, R.J.",10.14710/ijred.9.1.131-139,mechanical_drying
Energy analysis of a hybrid solar dryer for drying coffee beans,2020,International Journal of Renewable Energy Development,"Suherman, S. and Widuri, H. and Patricia, S. and Susanto, E.E. and Sutrisna, R.J.",10.14710/ijred.9.1.131-139,coffee_drying_stage
Proposal for implantation of coffee drying greenhouse with parabolic cover and adapted modular structure,2020,Ingenius,"Briceño-Martínez, B. and Castillo-Calderón, J. and Carrión-Jaura, R. and Díaz-Sinche, D.",10.17163/ings.n24.2020.04,dryer_design
Proposal for implantation of coffee drying greenhouse with parabolic cover and adapted modular structure,2020,Ingenius,"Briceño-Martínez, B. and Castillo-Calderón, J. and Carrión-Jaura, R. and Díaz-Sinche, D.",10.17163/ings.n24.2020.04,mechanical_drying
Proposal for implantation of coffee drying greenhouse with parabolic cover and adapted modular structure,2020,Ingenius,"Briceño-Martínez, B. and Castillo-Calderón, J. and Carrión-Jaura, R. and Díaz-Sinche, D.",10.17163/ings.n24.2020.04,coffee_drying_stage
A data-driven approach to improve coffee drying: Combining environmental sensors and chemical analysis,2024,PLoS ONE,"Jakkaew, P. and Yingchutrakul, Y. and Aunsri, N.",10.1371/journal.pone.0296526,coffee_quality
A data-driven approach to improve coffee drying: Combining environmental sensors and chemical analysis,2024,PLoS ONE,"Jakkaew, P. and Yingchutrakul, Y. and Aunsri, N.",10.1371/journal.pone.0296526,coffee_drying_stage
Design of a Continuous Coffee Bean Solar Dryer,2020,Journal of Physics: Conference Series,"Ambarita, H. and Munthe, H.K.J. and Hutagalung, T.",10.1088/1742-6596/1542/1/012025,dryer_design
Design of a Continuous Coffee Bean Solar Dryer,2020,Journal of Physics: Conference Series,"Ambarita, H. and Munthe, H.K.J. and Hutagalung, T.",10.1088/1742-6596/1542/1/012025,coffee_drying_stage
Free electricity tandem-twin-hybrid solar-biomass dryer increased the performance of coffee cherry drying,2025,Research in Agricultural Engineering,"YUWANA, Y. and SYAFNIL, S.",10.17221/98/2024-RAE,energy_efficiency
Free electricity tandem-twin-hybrid solar-biomass dryer increased the performance of coffee cherry drying,2025,Research in Agricultural Engineering,"YUWANA, Y. and SYAFNIL, S.",10.17221/98/2024-RAE,coffee_drying_stage
Analysis of temperature and velocity distributions in a solar drying box coffee beans,2018,IOP Conference Series: Materials Science and Engineering,"Siagian, P. and Napitupulu, F.H. and Setyawan, E.Y. and Siagian, L. and Napitupulu, R.A.M. and Ambarita, H.",10.1088/1757-899X/420/1/012035,drying_kinetics
Analysis of temperature and velocity distributions in a solar drying box coffee beans,2018,IOP Conference Series: Materials Science and Engineering,"Siagian, P. and Napitupulu, F.H. and Setyawan, E.Y. and Siagian, L. and Napitupulu, R.A.M. and Ambarita, H.",10.1088/1757-899X/420/1/012035,mechanical_drying
Analysis of temperature and velocity distributions in a solar drying box coffee beans,2018,IOP Conference Series: Materials Science and Engineering,"Siagian, P. and Napitupulu, F.H. and Setyawan, E.Y. and Siagian, L. and Napitupulu, R.A.M. and Ambarita, H.",10.1088/1757-899X/420/1/012035,coffee_drying_stage
Drying gayo coffee under natural processing by using modified Hohenheim solar tunnel dryer in Gayo highland,2024,IOP Conference Series: Earth and Environmental Science,"Khathir, R. and Yunita, Y. and Agustina, R. and Jayanti, D.S. and Siagian, A.",10.1088/1755-1315/1297/1/012018,mechanical_drying
Drying gayo coffee under natural processing by using modified Hohenheim solar tunnel dryer in Gayo highland,2024,IOP Conference Series: Earth and Environmental Science,"Khathir, R. and Yunita, Y. and Agustina, R. and Jayanti, D.S. and Siagian, A.",10.1088/1755-1315/1297/1/012018,coffee_drying_stage
Performance Investigation of an Inflatable Solar Dryer with Steel-Can Solar Air Heater for Drying Coffee and Corn,2022,"Engineering, Technology and Applied Science Research","Oria, C.L. and Palconit, E.V.",10.48084/etasr.4966,mechanical_drying
Performance Investigation of an Inflatable Solar Dryer with Steel-Can Solar Air Heater for Drying Coffee and Corn,2022,"Engineering, Technology and Applied Science Research","Oria, C.L. and Palconit, E.V.",10.48084/etasr.4966,coffee_drying_stage
The Effect of Varying the Air Flow in a Solar Collector on the Quality of Arabica Coffee Beans,2024,Fluids,"Siagian, P. and Napitupulu, F.H. and Ambarita, H. and Sihombing, H.V. and Sibagariang, Y.P. and Siagian, H.S.",10.3390/fluids9030075,coffee_quality
The Effect of Varying the Air Flow in a Solar Collector on the Quality of Arabica Coffee Beans,2024,Fluids,"Siagian, P. and Napitupulu, F.H. and Ambarita, H. and Sihombing, H.V. and Sibagariang, Y.P. and Siagian, H.S.",10.3390/fluids9030075,mechanical_drying
The Effect of Varying the Air Flow in a Solar Collector on the Quality of Arabica Coffee Beans,2024,Fluids,"Siagian, P. and Napitupulu, F.H. and Ambarita, H. and Sihombing, H.V. and Sibagariang, Y.P. and Siagian, H.S.",10.3390/fluids9030075,coffee_drying_stage
Changes in fatty acids profile and sucrose concentration of coffee beans during drying process,2023,Journal of Food Process Engineering,"Largo-Avila, E. and Suárez-Rodríguez, C.H. and Maya, J.C. and Ciro-Velásquez, H.J. and Chejne, F.",10.1111/jfpe.14385,coffee_quality
Changes in fatty acids profile and sucrose concentration of coffee beans during drying process,2023,Journal of Food Process Engineering,"Largo-Avila, E. and Suárez-Rodríguez, C.H. and Maya, J.C. and Ciro-Velásquez, H.J. and Chejne, F.",10.1111/jfpe.14385,coffee_drying_stage
Effect of altitude on coffee (Coffea arabica L.) quality: Comparison between mechanical and traditional drying,2019,Scientia Agropecuaria,"Guevara-Sánchez, M. and Bernales del Águila, C.I. and Saavedra-Ramírez, J. and Owaki-López, J.J.",10.17268/sci.agropecu.2019.04.07,solar_drying
Effect of altitude on coffee (Coffea arabica L.) quality: Comparison between mechanical and traditional drying,2019,Scientia Agropecuaria,"Guevara-Sánchez, M. and Bernales del Águila, C.I. and Saavedra-Ramírez, J. and Owaki-López, J.J.",10.17268/sci.agropecu.2019.04.07,coffee_quality
Effect of altitude on coffee (Coffea arabica L.) quality: Comparison between mechanical and traditional drying,2019,Scientia Agropecuaria,"Guevara-Sánchez, M. and Bernales del Águila, C.I. and Saavedra-Ramírez, J. and Owaki-López, J.J.",10.17268/sci.agropecu.2019.04.07,mechanical_drying
Effect of altitude on coffee (Coffea arabica L.) quality: Comparison between mechanical and traditional drying,2019,Scientia Agropecuaria,"Guevara-Sánchez, M. and Bernales del Águila, C.I. and Saavedra-Ramírez, J. and Owaki-López, J.J.",10.17268/sci.agropecu.2019.04.07,coffee_drying_stage
LOW COST TELEMONITORING TECHNOLOGY OF SEMISPHERICAL SOLAR DRYER FOR DRYING ARABICA COFFEE BEANS,2022,INMATEH - Agricultural Engineering,"Pramono, E.K. and Karim, M.A. and Fudholi, A. and Bulan, R. and Lapcharoensuk, R. and Sitorus, A.",10.35633/inmateh-66-34,dryer_design
LOW COST TELEMONITORING TECHNOLOGY OF SEMISPHERICAL SOLAR DRYER FOR DRYING ARABICA COFFEE BEANS,2022,INMATEH - Agricultural Engineering,"Pramono, E.K. and Karim, M.A. and Fudholi, A. and Bulan, R. and Lapcharoensuk, R. and Sitorus, A.",10.35633/inmateh-66-34,coffee_drying_stage
Investigating the Performance and Optimization of Solar Coffee Drying Technologies—A Systematic Review,2025,Journal of Food Processing and Preservation,"Meja, E.M. and Dubbe, S.K. and Bekele, A. and Wolde, K.F. and Adaramola, M.S.",10.1155/jfpp/7907660,solar_drying
Investigating the Performance and Optimization of Solar Coffee Drying Technologies—A Systematic Review,2025,Journal of Food Processing and Preservation,"Meja, E.M. and Dubbe, S.K. and Bekele, A. and Wolde, K.F. and Adaramola, M.S.",10.1155/jfpp/7907660,coffee_quality
Investigating the Performance and Optimization of Solar Coffee Drying Technologies—A Systematic Review,2025,Journal of Food Processing and Preservation,"Meja, E.M. and Dubbe, S.K. and Bekele, A. and Wolde, K.F. and Adaramola, M.S.",10.1155/jfpp/7907660,coffee_drying_stage
Physical and sensory quality of coffee dried in three prototypes of greenhouse solar dryers,2024,Revista de la Facultad de Agronomia,"de Jesús Huamán-Murillo, M. and Garcia, S.M.M. and Murillo-Baca, S.M. and Ponce-Rosas, F.C. and Fuentes-Meza, M.J.",10.47280/RevFacAgron(LUZ).v41.n2.02,solar_drying
Physical and sensory quality of coffee dried in three prototypes of greenhouse solar dryers,2024,Revista de la Facultad de Agronomia,"de Jesús Huamán-Murillo, M. and Garcia, S.M.M. and Murillo-Baca, S.M. and Ponce-Rosas, F.C. and Fuentes-Meza, M.J.",10.47280/RevFacAgron(LUZ).v41.n2.02,coffee_quality
Physical and sensory quality of coffee dried in three prototypes of greenhouse solar dryers,2024,Revista de la Facultad de Agronomia,"de Jesús Huamán-Murillo, M. and Garcia, S.M.M. and Murillo-Baca, S.M. and Ponce-Rosas, F.C. and Fuentes-Meza, M.J.",10.47280/RevFacAgron(LUZ).v41.n2.02,coffee_drying_stage
Performance evaluation of diminutive solar dryer for drying of green coffee beans: In Ethiopian highlands,2025,Case Studies in Thermal Engineering,"Kebede, A.Y. and Tigabu, M.T. and Admase, A.T. and Bezie, A.J.",10.1016/j.csite.2024.105653,solar_drying
Performance evaluation of diminutive solar dryer for drying of green coffee beans: In Ethiopian highlands,2025,Case Studies in Thermal Engineering,"Kebede, A.Y. and Tigabu, M.T. and Admase, A.T. and Bezie, A.J.",10.1016/j.csite.2024.105653,coffee_drying_stage
Coffee Drying Using a Combination of Solar and Electric Heaters Utilizing PCM as a Thermal Energy Storage,2025,Journal of Physics: Conference Series,"Fauzi, M.B. and Kosasih, E.A. and Putra, G.J.P.",10.1088/1742-6596/3103/1/012002,solar_drying
Coffee Drying Using a Combination of Solar and Electric Heaters Utilizing PCM as a Thermal Energy Storage,2025,Journal of Physics: Conference Series,"Fauzi, M.B. and Kosasih, E.A. and Putra, G.J.P.",10.1088/1742-6596/3103/1/012002,mechanical_drying
Coffee Drying Using a Combination of Solar and Electric Heaters Utilizing PCM as a Thermal Energy Storage,2025,Journal of Physics: Conference Series,"Fauzi, M.B. and Kosasih, E.A. and Putra, G.J.P.",10.1088/1742-6596/3103/1/012002,coffee_drying_stage
Controlling temperature using proportional integral and derivative control algorithm for hybrid forced convection solar dryer,2024,International Journal of Electrical and Computer Engineering,"Arifin, M.A. and Pangaribuan, P. and Pramudita, B.A. and Megantoro, P.",10.11591/ijece.v14i1.pp239-247,dryer_design
Controlling temperature using proportional integral and derivative control algorithm for hybrid forced convection solar dryer,2024,International Journal of Electrical and Computer Engineering,"Arifin, M.A. and Pangaribuan, P. and Pramudita, B.A. and Megantoro, P.",10.11591/ijece.v14i1.pp239-247,drying_kinetics
"Harmonizing Drying Time, Layer Thickness, and Drier Zones for Drying Kinetics: Quality and Safety of Solar Tunnel-Dried Wet-Processed Parchment Coffee (Coffea arabica L.)",2023,International Journal of Food Science,"Abdissa, Z.K. and Tola, Y.B. and Taye, A.H. and Mohammed, H.H.",10.1155/2023/6677592,coffee_quality
"Harmonizing Drying Time, Layer Thickness, and Drier Zones for Drying Kinetics: Quality and Safety of Solar Tunnel-Dried Wet-Processed Parchment Coffee (Coffea arabica L.)",2023,International Journal of Food Science,"Abdissa, Z.K. and Tola, Y.B. and Taye, A.H. and Mohammed, H.H.",10.1155/2023/6677592,drying_kinetics
"Harmonizing Drying Time, Layer Thickness, and Drier Zones for Drying Kinetics: Quality and Safety of Solar Tunnel-Dried Wet-Processed Parchment Coffee (Coffea arabica L.)",2023,International Journal of Food Science,"Abdissa, Z.K. and Tola, Y.B. and Taye, A.H. and Mohammed, H.H.",10.1155/2023/6677592,coffee_drying_stage
Comparative study of mathematical and experimental models of coffee bean drying rate in a solar dryer simulator,2024,E3S Web of Conferences,"Sihombing, H.V. and Ambarita, H. and Silalahi, J.F. and Ambarita H. and Selvasembian R. and Fachrudin H.T. and Huda A.",10.1051/e3sconf/202451903035,solar_drying
Comparative study of mathematical and experimental models of coffee bean drying rate in a solar dryer simulator,2024,E3S Web of Conferences,"Sihombing, H.V. and Ambarita, H. and Silalahi, J.F. and Ambarita H. and Selvasembian R. and Fachrudin H.T. and Huda A.",10.1051/e3sconf/202451903035,coffee_quality
Comparative study of mathematical and experimental models of coffee bean drying rate in a solar dryer simulator,2024,E3S Web of Conferences,"Sihombing, H.V. and Ambarita, H. and Silalahi, J.F. and Ambarita H. and Selvasembian R. and Fachrudin H.T. and Huda A.",10.1051/e3sconf/202451903035,drying_kinetics
Comparative study of mathematical and experimental models of coffee bean drying rate in a solar dryer simulator,2024,E3S Web of Conferences,"Sihombing, H.V. and Ambarita, H. and Silalahi, J.F. and Ambarita H. and Selvasembian R. and Fachrudin H.T. and Huda A.",10.1051/e3sconf/202451903035,coffee_drying_stage
Determination of appropriate effective diffusivity for different food materials,2017,Drying Technology,"Khan, M.I.H. and Kumar, C. and Joardder, M.U.H. and Karim, M.A.",10.1080/07373937.2016.1170700,drying_kinetics
Individual and interactive effect of ultrasound pre-treatment on drying kinetics and biochemical qualities of food: A critical review,2023,Ultrasonics Sonochemistry,"Pandiselvam, R. and Aydar, A.Y. and Kutlu, N. and Aslam, R. and Sahni, P. and Mitharwal, S. and Gavahian, M. and Kumar, M. and Raposo, A. and Yoo, S. and Han, H. and Kothakota, A.",10.1016/j.ultsonch.2022.106261,drying_kinetics
Improving Mechanical Coffee Drying with Recycled Insulating Materials: A Thermal Efficiency and Economic Feasibility Analysis,2026,Foods,"Cruz-Ospina, V. and Duque-Dussán, E. and Sanz-Uribe, J.R.",10.3390/foods15020367,drying_kinetics
Improving Mechanical Coffee Drying with Recycled Insulating Materials: A Thermal Efficiency and Economic Feasibility Analysis,2026,Foods,"Cruz-Ospina, V. and Duque-Dussán, E. and Sanz-Uribe, J.R.",10.3390/foods15020367,energy_efficiency
Improving Mechanical Coffee Drying with Recycled Insulating Materials: A Thermal Efficiency and Economic Feasibility Analysis,2026,Foods,"Cruz-Ospina, V. and Duque-Dussán, E. and Sanz-Uribe, J.R.",10.3390/foods15020367,mechanical_drying
Improving Mechanical Coffee Drying with Recycled Insulating Materials: A Thermal Efficiency and Economic Feasibility Analysis,2026,Foods,"Cruz-Ospina, V. and Duque-Dussán, E. and Sanz-Uribe, J.R.",10.3390/foods15020367,coffee_drying_stage
Exploring the impacts of postharvest processing on the microbiota and metabolite profiles during green coffee bean production,2017,Applied and Environmental Microbiology,"De Bruyn, F. and Zhang, S.J. and Pothakos, V. and Torres, J. and Lambot, C. and Moroni, A.V. and Callanan, M. and Sybesma, W. and Weckx, S. and De Vuyst, L.",10.1128/AEM.02398-16,coffee_processing
Protein profiles and physiological performance of coffee seeds subjected to different processing and drying methods,2012,Pesquisa Agropecuaria Brasileira,"Taveira, J.H.S. and da Rosa, S.D.V.F. and Borém, F.M. and Giomo, G.S. and Saath, R.",10.1590/S0100-204X2012001000014,coffee_processing
Simulation of a thermal environment in two buildings for the wet processing of coffee,2015,DYNA (Colombia),"Osorio-Hernandez, R. and Guerra-Garcia, L.M. and Ferreira-Tinôco, I.D.F. and Osorio-Saraz, J.A. and Aristizábal-Torres, I.D.",10.15446/dyna.v82n194.49526,coffee_processing
Monitoring moisture content in parchment coffee beans during drying using Fourier Transform near infrared (FT-NIR) spectroscopy: A dataset for calibrating chemometric-based models for moisture prediction,2025,Data in Brief,"Ordoñez-Lozano, S. and Collazos-Escobar, G.A. and Bahamón-Monje, A.F. and Gutiérrez-Guzmán, N.",10.1016/j.dib.2025.111436,drying_kinetics
Monitoring moisture content in parchment coffee beans during drying using Fourier Transform near infrared (FT-NIR) spectroscopy: A dataset for calibrating chemometric-based models for moisture prediction,2025,Data in Brief,"Ordoñez-Lozano, S. and Collazos-Escobar, G.A. and Bahamón-Monje, A.F. and Gutiérrez-Guzmán, N.",10.1016/j.dib.2025.111436,coffee_drying_stage
Effect of the postharvest processing method on the biochemical composition and sensory analysis of arabica coffee,2020,Engenharia Agricola,"Rodriguez, Y.F.B. and Guzman, N.G. and Hernandez, J.G.",10.1590/1809-4430-ENG.AGRIC.V40N2P177-183/2020,coffee_processing
POSTHARVEST EFFECTS ON THE PHYSICAL QUALITY AND SENSORY CHARACTERISTICS OF COFFEA CANEPHORA,2023,"Acta Scientiarum Polonorum, Technologia Alimentaria","Velásquez, S. and Banchón, C. and Farfán, D. and Guerrero-Casado, J.",10.17306/J.AFS.2023.1181,coffee_quality
POSTHARVEST EFFECTS ON THE PHYSICAL QUALITY AND SENSORY CHARACTERISTICS OF COFFEA CANEPHORA,2023,"Acta Scientiarum Polonorum, Technologia Alimentaria","Velásquez, S. and Banchón, C. and Farfán, D. and Guerrero-Casado, J.",10.17306/J.AFS.2023.1181,coffee_processing
CHANGES IN TEXTURAL PROPERTIES AND COLOR DUE TO THE PROCESSING METHOD OF GREEN COFFEA ARABICA,2022,"Journal of Microbiology, Biotechnology and Food Sciences","Poláková, K. and Bobková, A. and Demianová, A. and Belej, Ľ. and Jurčaga, L. and Bobko, M. and Mesárošová, A. and Žiak, M.",10.55251/jmbfs.9458,coffee_quality
CHANGES IN TEXTURAL PROPERTIES AND COLOR DUE TO THE PROCESSING METHOD OF GREEN COFFEA ARABICA,2022,"Journal of Microbiology, Biotechnology and Food Sciences","Poláková, K. and Bobková, A. and Demianová, A. and Belej, Ľ. and Jurčaga, L. and Bobko, M. and Mesárošová, A. and Žiak, M.",10.55251/jmbfs.9458,coffee_processing
EXPLORING THE SOIL-ASSOCIATED BACTERIAL MICROBIOME OF COFFEE PLANTATIONS IN DIFFERENT REGIONS OF COLOMBIA: A METABARCODING APPROACH,2024,Tropical and Subtropical Agroecosystems,"Gómez-Godínez, L.J. and Ochoa, V. and Faggioli, V. and Cristancho, M.",10.56369/tsaes.5196,coffee_general
"Agricultural Productivity and Multidimensional Poverty Reduction in Colombia: An Analysis of Coffee, Plantain, and Corn Crops",2024,Earth (Switzerland),"Betancourt, J.A. and Florez-Yepes, G.Y. and Garcés-Gómez, Y.A.",10.3390/earth5040032,coffee_general
Increasing the Additional Value of Coffee Cultivation Results in Brebes Regency with a Value Chain Analysis Approach,2022,Quality - Access to Success,"Rastuti, U. and Yunanto, A. and Jatmiko, D.P.",10.47750/QAS/23.188.13,coffee_general
Agricultural zoning of Coffea arabica in Brazil for current and future climate scenarios: implications for the coffee industry,2025,"Environment, Development and Sustainability","Lorençone, J.A. and de Oliveira Aparecido, L.E. and Lorençone, P.A. and Torsoni, G.B. and de Lima, R.F. and da Silva Cabral de Moraes, J.R. and de Souza Rolim, G.",10.1007/s10668-023-04066-3,coffee_general
Efficiency Investigation of Coffee Production Waste Drying by Filtration Method,2024,Journal of Engineering Sciences (Ukraine),"Ivashchuk, O.S. and Atamanyuk, V.M. and Chyzhovych, R.A.",10.21272/jes.2024.11(2).f2,drying_kinetics
Efficiency Investigation of Coffee Production Waste Drying by Filtration Method,2024,Journal of Engineering Sciences (Ukraine),"Ivashchuk, O.S. and Atamanyuk, V.M. and Chyzhovych, R.A.",10.21272/jes.2024.11(2).f2,coffee_drying_stage
"Investigation of Thin-Layer Drying of Coffee Beans Using a Double-Condenser Compression Refrigeration System: Effects of Air Mass Flux, Specific Humidity and Drying Temperature",2023,Journal of Advanced Research in Fluid Mechanics and Thermal Sciences,"Dzaky, M.I. and Kosasih, E.A. and Hakim, I.I. and Zikri, A.",10.37934/arfmts.106.1.90103,coffee_quality
"Investigation of Thin-Layer Drying of Coffee Beans Using a Double-Condenser Compression Refrigeration System: Effects of Air Mass Flux, Specific Humidity and Drying Temperature",2023,Journal of Advanced Research in Fluid Mechanics and Thermal Sciences,"Dzaky, M.I. and Kosasih, E.A. and Hakim, I.I. and Zikri, A.",10.37934/arfmts.106.1.90103,drying_kinetics
"Investigation of Thin-Layer Drying of Coffee Beans Using a Double-Condenser Compression Refrigeration System: Effects of Air Mass Flux, Specific Humidity and Drying Temperature",2023,Journal of Advanced Research in Fluid Mechanics and Thermal Sciences,"Dzaky, M.I. and Kosasih, E.A. and Hakim, I.I. and Zikri, A.",10.37934/arfmts.106.1.90103,coffee_drying_stage
Development and validation of a heated drying air diffusion system to optimize rotary dryers and final coffee quality,2021,PLoS ONE,"Coradi, P.C. and Martens, S. and Rodrigues, H.E. and Leal, A.F. and Da Costa, D.R. and Saath, R. and Borém, F.M.",10.1371/journal.pone.0251312,coffee_quality
Development and validation of a heated drying air diffusion system to optimize rotary dryers and final coffee quality,2021,PLoS ONE,"Coradi, P.C. and Martens, S. and Rodrigues, H.E. and Leal, A.F. and Da Costa, D.R. and Saath, R. and Borém, F.M.",10.1371/journal.pone.0251312,mechanical_drying
Development and validation of a heated drying air diffusion system to optimize rotary dryers and final coffee quality,2021,PLoS ONE,"Coradi, P.C. and Martens, S. and Rodrigues, H.E. and Leal, A.F. and Da Costa, D.R. and Saath, R. and Borém, F.M.",10.1371/journal.pone.0251312,coffee_drying_stage
Effect of temperature on drying kinetics and quality attributes of coffee beans during hot air drying,2025,Journal of the National Science Foundation of Sri Lanka,"Fernando, A.J. and Amaratunga, K.S.P. and Dan, D. and THKR De, S.",10.4038/jnsfsr.v53i3.12590,coffee_quality
Effect of temperature on drying kinetics and quality attributes of coffee beans during hot air drying,2025,Journal of the National Science Foundation of Sri Lanka,"Fernando, A.J. and Amaratunga, K.S.P. and Dan, D. and THKR De, S.",10.4038/jnsfsr.v53i3.12590,drying_kinetics
Effect of temperature on drying kinetics and quality attributes of coffee beans during hot air drying,2025,Journal of the National Science Foundation of Sri Lanka,"Fernando, A.J. and Amaratunga, K.S.P. and Dan, D. and THKR De, S.",10.4038/jnsfsr.v53i3.12590,mechanical_drying
Effect of temperature on drying kinetics and quality attributes of coffee beans during hot air drying,2025,Journal of the National Science Foundation of Sri Lanka,"Fernando, A.J. and Amaratunga, K.S.P. and Dan, D. and THKR De, S.",10.4038/jnsfsr.v53i3.12590,coffee_drying_stage
PHOTOVOLTAIC PLANT TO SUPPLY ENERGY FOR AN ELECTRIC COFFEE DRYER - ENERGY COSTS AND COMPENSATION,2023,Engenharia Agricola,"Konopatzki, E.A. and de Oliveira, C.L. and Marangoni, F. and Edwiges, T. and Christ, D.",10.1590/1809-4430-Eng.Agric.v43nepe20220150/2023,energy_efficiency
PHOTOVOLTAIC PLANT TO SUPPLY ENERGY FOR AN ELECTRIC COFFEE DRYER - ENERGY COSTS AND COMPENSATION,2023,Engenharia Agricola,"Konopatzki, E.A. and de Oliveira, C.L. and Marangoni, F. and Edwiges, T. and Christ, D.",10.1590/1809-4430-Eng.Agric.v43nepe20220150/2023,coffee_drying_stage
Price and quality of coffee (Coffea arabica L.) dried using air dehumidified by convection,2019,Engenharia Agricola,"Konopatzki, E.A. and Christ, D. and Coelho, S.R.M. and Demito, A. and Werncke, I. and Camicia, R.G.M.",10.1590/1809-4430-Eng.Agric.v39n5p649-658/2019,coffee_quality
Price and quality of coffee (Coffea arabica L.) dried using air dehumidified by convection,2019,Engenharia Agricola,"Konopatzki, E.A. and Christ, D. and Coelho, S.R.M. and Demito, A. and Werncke, I. and Camicia, R.G.M.",10.1590/1809-4430-Eng.Agric.v39n5p649-658/2019,drying_kinetics
Price and quality of coffee (Coffea arabica L.) dried using air dehumidified by convection,2019,Engenharia Agricola,"Konopatzki, E.A. and Christ, D. and Coelho, S.R.M. and Demito, A. and Werncke, I. and Camicia, R.G.M.",10.1590/1809-4430-Eng.Agric.v39n5p649-658/2019,mechanical_drying
Price and quality of coffee (Coffea arabica L.) dried using air dehumidified by convection,2019,Engenharia Agricola,"Konopatzki, E.A. and Christ, D. and Coelho, S.R.M. and Demito, A. and Werncke, I. and Camicia, R.G.M.",10.1590/1809-4430-Eng.Agric.v39n5p649-658/2019,coffee_drying_stage
Sensory quality of coffea arabica l. Genotypes influenced by postharvest processing,2019,Crop Breeding and Applied Biotechnology,"Barbosa, I.P. and de Oliveira, A.C.B. and Rosado, R.D.S. and Sakiyama, N.S. and Cruz, C.D. and Pereira, A.A.",10.1590/1984-70332019v19n4a60,coffee_general
Sensory quality of coffea arabica l. Genotypes influenced by postharvest processing,2019,Crop Breeding and Applied Biotechnology,"Barbosa, I.P. and de Oliveira, A.C.B. and Rosado, R.D.S. and Sakiyama, N.S. and Cruz, C.D. and Pereira, A.A.",10.1590/1984-70332019v19n4a60,coffee_quality
Sensory quality of coffea arabica l. Genotypes influenced by postharvest processing,2019,Crop Breeding and Applied Biotechnology,"Barbosa, I.P. and de Oliveira, A.C.B. and Rosado, R.D.S. and Sakiyama, N.S. and Cruz, C.D. and Pereira, A.A.",10.1590/1984-70332019v19n4a60,coffee_processing
Coffee beans industrial vibrofluidized bed drying optimization (coffea arabica L.),2019,Revista Mexicana de Ingeniera Quimica,"Ventura-Cruz, S. and Ramírez-Segura, O. and Flores-Alamo, N. and Ramírez-Gerardo, M. and Rodríguez-Ramírez, E.",10.24275/uam/izt/dcbi/revmexingquim/2019v18n2/Ventura,mechanical_drying
Coffee beans industrial vibrofluidized bed drying optimization (coffea arabica L.),2019,Revista Mexicana de Ingeniera Quimica,"Ventura-Cruz, S. and Ramírez-Segura, O. and Flores-Alamo, N. and Ramírez-Gerardo, M. and Rodríguez-Ramírez, E.",10.24275/uam/izt/dcbi/revmexingquim/2019v18n2/Ventura,coffee_drying_stage
Thin-layer drying of parchment Arabica coffee by controlling temperature and relative humidity,2019,Food Science and Nutrition,"Phitakwinai, S. and Thepa, S. and Nilnont, W.",10.1002/fsn3.1144,drying_kinetics
Thin-layer drying of parchment Arabica coffee by controlling temperature and relative humidity,2019,Food Science and Nutrition,"Phitakwinai, S. and Thepa, S. and Nilnont, W.",10.1002/fsn3.1144,mechanical_drying
Thin-layer drying of parchment Arabica coffee by controlling temperature and relative humidity,2019,Food Science and Nutrition,"Phitakwinai, S. and Thepa, S. and Nilnont, W.",10.1002/fsn3.1144,coffee_drying_stage
Microstructure and reconstitution of freeze-dried gum Arabic at a range of concentrations and primary drying temperatures,2020,Food Hydrocolloids,"Malik, N. and Muttakin, S. and Lopez-Quiroga, E. and Watson, N.J. and Fryer, P.J. and Bakalis, S. and Gouseti, O.",10.1016/j.foodhyd.2020.105712,mechanical_drying
Microstructure and reconstitution of freeze-dried gum Arabic at a range of concentrations and primary drying temperatures,2020,Food Hydrocolloids,"Malik, N. and Muttakin, S. and Lopez-Quiroga, E. and Watson, N.J. and Fryer, P.J. and Bakalis, S. and Gouseti, O.",10.1016/j.foodhyd.2020.105712,coffee_drying_stage
"Quality of arabic coffee under different processing systems, drying methods and altitudes",2020,Bioscience Journal,"Do Carmo, K.B. and Do Carmo, J.C.B. and Krause, M.R. and Moreli, A.P. and Lo Monaco, P.A.V.",10.14393/BJ-v36n4a2020-47890,coffee_quality
"Quality of arabic coffee under different processing systems, drying methods and altitudes",2020,Bioscience Journal,"Do Carmo, K.B. and Do Carmo, J.C.B. and Krause, M.R. and Moreli, A.P. and Lo Monaco, P.A.V.",10.14393/BJ-v36n4a2020-47890,coffee_processing
"Quality of arabic coffee under different processing systems, drying methods and altitudes",2020,Bioscience Journal,"Do Carmo, K.B. and Do Carmo, J.C.B. and Krause, M.R. and Moreli, A.P. and Lo Monaco, P.A.V.",10.14393/BJ-v36n4a2020-47890,coffee_drying_stage
Activation Energy Analysis of Coffee Beans Drying Using Double Condenser Refrigeration System,2022,Journal of Physics: Conference Series,"Dzaky, M.I. and Kosasih, E.A. and Fauzi, M.B. and Prabowo, A.T. and Zikri, A. and Wibowo F.C. and Taufik null and Samsudin A. and Budi E. and Indrasari W. and Nasbey H. and Prayitno T.B. and Bakri F. and Muliyati D. and Sanjaya L.A.",10.1088/1742-6596/2377/1/012058,coffee_quality
Activation Energy Analysis of Coffee Beans Drying Using Double Condenser Refrigeration System,2022,Journal of Physics: Conference Series,"Dzaky, M.I. and Kosasih, E.A. and Fauzi, M.B. and Prabowo, A.T. and Zikri, A. and Wibowo F.C. and Taufik null and Samsudin A. and Budi E. and Indrasari W. and Nasbey H. and Prayitno T.B. and Bakri F. and Muliyati D. and Sanjaya L.A.",10.1088/1742-6596/2377/1/012058,heat_pump_drying
Activation Energy Analysis of Coffee Beans Drying Using Double Condenser Refrigeration System,2022,Journal of Physics: Conference Series,"Dzaky, M.I. and Kosasih, E.A. and Fauzi, M.B. and Prabowo, A.T. and Zikri, A. and Wibowo F.C. and Taufik null and Samsudin A. and Budi E. and Indrasari W. and Nasbey H. and Prayitno T.B. and Bakri F. and Muliyati D. and Sanjaya L.A.",10.1088/1742-6596/2377/1/012058,coffee_processing
Activation Energy Analysis of Coffee Beans Drying Using Double Condenser Refrigeration System,2022,Journal of Physics: Conference Series,"Dzaky, M.I. and Kosasih, E.A. and Fauzi, M.B. and Prabowo, A.T. and Zikri, A. and Wibowo F.C. and Taufik null and Samsudin A. and Budi E. and Indrasari W. and Nasbey H. and Prayitno T.B. and Bakri F. and Muliyati D. and Sanjaya L.A.",10.1088/1742-6596/2377/1/012058,mechanical_drying
Activation Energy Analysis of Coffee Beans Drying Using Double Condenser Refrigeration System,2022,Journal of Physics: Conference Series,"Dzaky, M.I. and Kosasih, E.A. and Fauzi, M.B. and Prabowo, A.T. and Zikri, A. and Wibowo F.C. and Taufik null and Samsudin A. and Budi E. and Indrasari W. and Nasbey H. and Prayitno T.B. and Bakri F. and Muliyati D. and Sanjaya L.A.",10.1088/1742-6596/2377/1/012058,coffee_drying_stage
Quality of natural coffee dried under different temperatures and drying rates,2018,Coffee Science,"Borém, F.M. and Isquierdo, E.P. and Alves, G.E. and Ribeiro, D.E. and Siqueira, V.C. and Taveira, J.H.S.",10.25186/cs.v13i2.1410,coffee_quality
Quality of natural coffee dried under different temperatures and drying rates,2018,Coffee Science,"Borém, F.M. and Isquierdo, E.P. and Alves, G.E. and Ribeiro, D.E. and Siqueira, V.C. and Taveira, J.H.S.",10.25186/cs.v13i2.1410,drying_kinetics
Quality of natural coffee dried under different temperatures and drying rates,2018,Coffee Science,"Borém, F.M. and Isquierdo, E.P. and Alves, G.E. and Ribeiro, D.E. and Siqueira, V.C. and Taveira, J.H.S.",10.25186/cs.v13i2.1410,mechanical_drying
Quality of natural coffee dried under different temperatures and drying rates,2018,Coffee Science,"Borém, F.M. and Isquierdo, E.P. and Alves, G.E. and Ribeiro, D.E. and Siqueira, V.C. and Taveira, J.H.S.",10.25186/cs.v13i2.1410,coffee_drying_stage
The influence of hot-air mechanical drying on the sensory quality of specialty Colombian coffee,2023,AIMS Agriculture and Food,"Largo-Avila, E. and Suarez-Rodríguez, C.H. and Montero, J.L. and Strong, M. and Juan, O.-A.",10.3934/AGRFOOD.2023042,coffee_quality
The influence of hot-air mechanical drying on the sensory quality of specialty Colombian coffee,2023,AIMS Agriculture and Food,"Largo-Avila, E. and Suarez-Rodríguez, C.H. and Montero, J.L. and Strong, M. and Juan, O.-A.",10.3934/AGRFOOD.2023042,mechanical_drying
The influence of hot-air mechanical drying on the sensory quality of specialty Colombian coffee,2023,AIMS Agriculture and Food,"Largo-Avila, E. and Suarez-Rodríguez, C.H. and Montero, J.L. and Strong, M. and Juan, O.-A.",10.3934/AGRFOOD.2023042,coffee_drying_stage
Efect of lnf (Cna-cnb) enzyme complex in the drying process and the coffee quality,2020,Coffee Science,"Santos, D.F. and Franco Junior, K.S. and da Silva, C.H. and Neto, J.F.D.S. and Paiva, L.C. and Brigante, G.P.",10.25186/.v15i.1677,coffee_drying_stage
Effect of spray-drying conditions on moisture content and particle size of coffee extract in a prototype dryer,2020,Revista Mexicana de Ingeniera Quimica,"Villegas-Santiago, J. and Gómez-Navarro, F. and Domínguez-Niño, A. and García-Alvarado, M.A. and Salgado-Cervantes, M.A. and Luna-Solano, G.",10.24275/rmiq/Proc767,mechanical_drying
Effect of spray-drying conditions on moisture content and particle size of coffee extract in a prototype dryer,2020,Revista Mexicana de Ingeniera Quimica,"Villegas-Santiago, J. and Gómez-Navarro, F. and Domínguez-Niño, A. and García-Alvarado, M.A. and Salgado-Cervantes, M.A. and Luna-Solano, G.",10.24275/rmiq/Proc767,coffee_drying_stage
Influence of different temperatures and airflows on drying of natural and pulped coffee,2020,Engenharia Agricola,"Alves, G.E. and Borém, F.M. and Andrade, E.T. and Isquierdo, E.P. and Siqueira, V.C. and Dias, C.A.",10.1590/1809-4430-ENG.AGRIC.V40N2P192-200/2020,coffee_quality
Influence of different temperatures and airflows on drying of natural and pulped coffee,2020,Engenharia Agricola,"Alves, G.E. and Borém, F.M. and Andrade, E.T. and Isquierdo, E.P. and Siqueira, V.C. and Dias, C.A.",10.1590/1809-4430-ENG.AGRIC.V40N2P192-200/2020,drying_kinetics
Influence of different temperatures and airflows on drying of natural and pulped coffee,2020,Engenharia Agricola,"Alves, G.E. and Borém, F.M. and Andrade, E.T. and Isquierdo, E.P. and Siqueira, V.C. and Dias, C.A.",10.1590/1809-4430-ENG.AGRIC.V40N2P192-200/2020,coffee_drying_stage
Enhancing rotary dryer efficiency: Adjusting blower speed for optimal temperature stability in coffee bean drying,2025,MethodsX,"Syamsiana, I.N. and Nafisah, N. and Suma, A.D.W. and Fiernaningsih, N. and Amalia, R.N. and Nurwicaksana, W.A.",10.1016/j.mex.2025.103477,drying_kinetics
Enhancing rotary dryer efficiency: Adjusting blower speed for optimal temperature stability in coffee bean drying,2025,MethodsX,"Syamsiana, I.N. and Nafisah, N. and Suma, A.D.W. and Fiernaningsih, N. and Amalia, R.N. and Nurwicaksana, W.A.",10.1016/j.mex.2025.103477,mechanical_drying
Enhancing rotary dryer efficiency: Adjusting blower speed for optimal temperature stability in coffee bean drying,2025,MethodsX,"Syamsiana, I.N. and Nafisah, N. and Suma, A.D.W. and Fiernaningsih, N. and Amalia, R.N. and Nurwicaksana, W.A.",10.1016/j.mex.2025.103477,coffee_drying_stage
"Comparative Life Cycle Assessment (LCA) in the Agri-Food Industry, Focusing on Organic and Conventional Coffee",2024,Sustainability (Switzerland),"Hasan, Y. and Roy, P. and Abbassi, B.",10.3390/su162410819,coffee_processing
Endocarp analysis of a traditional variety of colombian coffee,2019,Coffee Science,"Muñoz, M. and Roa, M. and Correa, R.",10.25186/cs.v14i2.1572,coffee_quality
Endocarp analysis of a traditional variety of colombian coffee,2019,Coffee Science,"Muñoz, M. and Roa, M. and Correa, R.",10.25186/cs.v14i2.1572,coffee_drying_stage
Comparative analysis of drying coffee beans using microwave and conventional oven,2020,Revista Facultad de Ingenieria,"Muñoz-neira, M.J. and Roa-ardila, M.F. and Correa-celi, C.R.",10.17533/udea.redin.20191151,drying_kinetics
Comparative analysis of drying coffee beans using microwave and conventional oven,2020,Revista Facultad de Ingenieria,"Muñoz-neira, M.J. and Roa-ardila, M.F. and Correa-celi, C.R.",10.17533/udea.redin.20191151,mechanical_drying
Comparative analysis of drying coffee beans using microwave and conventional oven,2020,Revista Facultad de Ingenieria,"Muñoz-neira, M.J. and Roa-ardila, M.F. and Correa-celi, C.R.",10.17533/udea.redin.20191151,coffee_drying_stage
Economic analysis of low-temperature grain drying,2019,Emirates Journal of Food and Agriculture,"Santana, P.A. and de Carvalho Lopes, D. and Neto, A.J.S.",10.9755/ejfa.2019.v31.i12.2040,energy_efficiency
Economic analysis of low-temperature grain drying,2019,Emirates Journal of Food and Agriculture,"Santana, P.A. and de Carvalho Lopes, D. and Neto, A.J.S.",10.9755/ejfa.2019.v31.i12.2040,mechanical_drying
Economic analysis of low-temperature grain drying,2019,Emirates Journal of Food and Agriculture,"Santana, P.A. and de Carvalho Lopes, D. and Neto, A.J.S.",10.9755/ejfa.2019.v31.i12.2040,coffee_drying_stage
Modeling effectiveness analysis of momentum and heat transfer in a fixed bed silo-dryer through computational fluid-dynamics,2021,Coffee Science,"Mateus, F.L.B. and Júnior, I.P.",10.25186/.V16I.1902,drying_kinetics
Modeling effectiveness analysis of momentum and heat transfer in a fixed bed silo-dryer through computational fluid-dynamics,2021,Coffee Science,"Mateus, F.L.B. and Júnior, I.P.",10.25186/.V16I.1902,energy_efficiency
Modeling effectiveness analysis of momentum and heat transfer in a fixed bed silo-dryer through computational fluid-dynamics,2021,Coffee Science,"Mateus, F.L.B. and Júnior, I.P.",10.25186/.V16I.1902,mechanical_drying
Modeling effectiveness analysis of momentum and heat transfer in a fixed bed silo-dryer through computational fluid-dynamics,2021,Coffee Science,"Mateus, F.L.B. and Júnior, I.P.",10.25186/.V16I.1902,coffee_drying_stage
Physiological and sensorial quality of arabica coffee subjected to different temperatures and drying airflows,2017,Acta Scientiarum - Agronomy,"Alves, G.E. and Borém, F.M. and Isquierdo, E.P. and Siqueira, V.C. and Cirillo, M.Â. and Pinto, A.C.F.",10.4025/actasciagron.v39i2.31065,coffee_quality
Physiological and sensorial quality of arabica coffee subjected to different temperatures and drying airflows,2017,Acta Scientiarum - Agronomy,"Alves, G.E. and Borém, F.M. and Isquierdo, E.P. and Siqueira, V.C. and Cirillo, M.Â. and Pinto, A.C.F.",10.4025/actasciagron.v39i2.31065,drying_kinetics
Physiological and sensorial quality of arabica coffee subjected to different temperatures and drying airflows,2017,Acta Scientiarum - Agronomy,"Alves, G.E. and Borém, F.M. and Isquierdo, E.P. and Siqueira, V.C. and Cirillo, M.Â. and Pinto, A.C.F.",10.4025/actasciagron.v39i2.31065,mechanical_drying
Physiological and sensorial quality of arabica coffee subjected to different temperatures and drying airflows,2017,Acta Scientiarum - Agronomy,"Alves, G.E. and Borém, F.M. and Isquierdo, E.P. and Siqueira, V.C. and Cirillo, M.Â. and Pinto, A.C.F.",10.4025/actasciagron.v39i2.31065,coffee_drying_stage
Experimental Analysis and Numerical Simulation of Coffee Bean Drying in Packed Beds with Different Coffee Bean Stack Height,2025,Journal of Advanced Research in Fluid Mechanics and Thermal Sciences,"Fauzi, M.B. and Kosasih, E.A. and Dzaky, M.I. and Nasution, G.G. and Zikri, A.",10.37934/arfmts.128.2.122138,drying_kinetics
Experimental Analysis and Numerical Simulation of Coffee Bean Drying in Packed Beds with Different Coffee Bean Stack Height,2025,Journal of Advanced Research in Fluid Mechanics and Thermal Sciences,"Fauzi, M.B. and Kosasih, E.A. and Dzaky, M.I. and Nasution, G.G. and Zikri, A.",10.37934/arfmts.128.2.122138,mechanical_drying
Experimental Analysis and Numerical Simulation of Coffee Bean Drying in Packed Beds with Different Coffee Bean Stack Height,2025,Journal of Advanced Research in Fluid Mechanics and Thermal Sciences,"Fauzi, M.B. and Kosasih, E.A. and Dzaky, M.I. and Nasution, G.G. and Zikri, A.",10.37934/arfmts.128.2.122138,coffee_drying_stage
"Influence of Drying Methods on the Post-Harvest Quality of Coffee: Effects on Physicochemical, Sensory, and Microbiological Composition",2025,Foods,"Abreu, D.J.M.D. and Lorenço, M.S. and Machado, G.G.L. and Silva, J.M. and Azevedo, E.C.D. and Carvalho, E.E.N.",10.3390/foods14091463,solar_drying
"Influence of Drying Methods on the Post-Harvest Quality of Coffee: Effects on Physicochemical, Sensory, and Microbiological Composition",2025,Foods,"Abreu, D.J.M.D. and Lorenço, M.S. and Machado, G.G.L. and Silva, J.M. and Azevedo, E.C.D. and Carvalho, E.E.N.",10.3390/foods14091463,coffee_quality
"Influence of Drying Methods on the Post-Harvest Quality of Coffee: Effects on Physicochemical, Sensory, and Microbiological Composition",2025,Foods,"Abreu, D.J.M.D. and Lorenço, M.S. and Machado, G.G.L. and Silva, J.M. and Azevedo, E.C.D. and Carvalho, E.E.N.",10.3390/foods14091463,drying_kinetics
"Influence of Drying Methods on the Post-Harvest Quality of Coffee: Effects on Physicochemical, Sensory, and Microbiological Composition",2025,Foods,"Abreu, D.J.M.D. and Lorenço, M.S. and Machado, G.G.L. and Silva, J.M. and Azevedo, E.C.D. and Carvalho, E.E.N.",10.3390/foods14091463,mechanical_drying
"Influence of Drying Methods on the Post-Harvest Quality of Coffee: Effects on Physicochemical, Sensory, and Microbiological Composition",2025,Foods,"Abreu, D.J.M.D. and Lorenço, M.S. and Machado, G.G.L. and Silva, J.M. and Azevedo, E.C.D. and Carvalho, E.E.N.",10.3390/foods14091463,coffee_drying_stage
Improving Coffee Bean Drying Performance Using Polydryer (Dryer Assisted with Superabsorbent Polymer),2024,International Journal of Chemical Engineering,"Abidin, A.Z. and Steven, S. and Yemensia, E.V. and Satyodriyani, K.R. and Syahriani, W.F. and Abidin, T. and Putra, R.P.",10.1155/2024/1559845,drying_kinetics
Improving Coffee Bean Drying Performance Using Polydryer (Dryer Assisted with Superabsorbent Polymer),2024,International Journal of Chemical Engineering,"Abidin, A.Z. and Steven, S. and Yemensia, E.V. and Satyodriyani, K.R. and Syahriani, W.F. and Abidin, T. and Putra, R.P.",10.1155/2024/1559845,coffee_drying_stage
The influence of natrural fermentation on coffee drink quality,2020,Coffee Science,"Pereira, L.F.B. and Franco Junior, K.S. and Barbosa, C.K.R.",10.25186/.v15i.1673,coffee_processing
The influence of natrural fermentation on coffee drink quality,2020,Coffee Science,"Pereira, L.F.B. and Franco Junior, K.S. and Barbosa, C.K.R.",10.25186/.v15i.1673,coffee_drying_stage
Physical and sensorial quality of arabica coffee cultivars submitted to two types of post-harvesting processing,2023,Coffee Science,"Alixandre, R.D. and Alixandre, F.T. and de Lima, P.A.M. and Fornazier, M.J. and Krohling, C.A. and Do Amaral, J.F.T. and Guarçoni, R.C. and da Silva Dias, R. and Venturini, C.F. and Macette, H.A. and Zandonadi, C.U. and Viçosi, D.B.",10.25186/.v18i.2081,coffee_processing
Simulation of temperature and air flow distribution in coffee drying chamber using low enthalpy geothermal energy resource with thermosiphon technology,2024,AIP Conference Proceedings,"Hakim, I.I. and Palupi, I.D. and Putra, N. and Ariyadi H.M. and Indarto null and Kamal S. and Saptoadi H. and Deendarlianto null",10.1063/5.0188419,drying_kinetics
Simulation of temperature and air flow distribution in coffee drying chamber using low enthalpy geothermal energy resource with thermosiphon technology,2024,AIP Conference Proceedings,"Hakim, I.I. and Palupi, I.D. and Putra, N. and Ariyadi H.M. and Indarto null and Kamal S. and Saptoadi H. and Deendarlianto null",10.1063/5.0188419,energy_efficiency
Simulation of temperature and air flow distribution in coffee drying chamber using low enthalpy geothermal energy resource with thermosiphon technology,2024,AIP Conference Proceedings,"Hakim, I.I. and Palupi, I.D. and Putra, N. and Ariyadi H.M. and Indarto null and Kamal S. and Saptoadi H. and Deendarlianto null",10.1063/5.0188419,mechanical_drying
Simulation of temperature and air flow distribution in coffee drying chamber using low enthalpy geothermal energy resource with thermosiphon technology,2024,AIP Conference Proceedings,"Hakim, I.I. and Palupi, I.D. and Putra, N. and Ariyadi H.M. and Indarto null and Kamal S. and Saptoadi H. and Deendarlianto null",10.1063/5.0188419,coffee_drying_stage
The effect of drying temperature on cup quality of coffee subjected to mechanical drying,2021,Journal of Plantation Crops,"Sandeep, T.N. and Channabasamma, B.B. and Gopinandhan, T.N. and Nagaraja, J.S.",10.25081/jpc.2021.v49.i1.7059,coffee_quality
The effect of drying temperature on cup quality of coffee subjected to mechanical drying,2021,Journal of Plantation Crops,"Sandeep, T.N. and Channabasamma, B.B. and Gopinandhan, T.N. and Nagaraja, J.S.",10.25081/jpc.2021.v49.i1.7059,mechanical_drying
The effect of drying temperature on cup quality of coffee subjected to mechanical drying,2021,Journal of Plantation Crops,"Sandeep, T.N. and Channabasamma, B.B. and Gopinandhan, T.N. and Nagaraja, J.S.",10.25081/jpc.2021.v49.i1.7059,coffee_drying_stage
Mathematical modelling and immediate and latent quality of natural immature coffee under different drying conditions,2019,Engenharia Agricola,"de Andrade, E.T. and Lemos, I.A. and Dias, C.A. and Rios, P.A. and Borém, F.M.",10.1590/1809-4430-Eng.Agric.v39n5p630-638/2019,drying_kinetics
Mathematical modelling and immediate and latent quality of natural immature coffee under different drying conditions,2019,Engenharia Agricola,"de Andrade, E.T. and Lemos, I.A. and Dias, C.A. and Rios, P.A. and Borém, F.M.",10.1590/1809-4430-Eng.Agric.v39n5p630-638/2019,mechanical_drying
Mathematical modelling and immediate and latent quality of natural immature coffee under different drying conditions,2019,Engenharia Agricola,"de Andrade, E.T. and Lemos, I.A. and Dias, C.A. and Rios, P.A. and Borém, F.M.",10.1590/1809-4430-Eng.Agric.v39n5p630-638/2019,coffee_drying_stage
COFFEE DRYER WITH DEHYDRATED AIR: A TECHNICAL AND ECONOMIC VIABILITY ANALYSIS,2022,Engenharia Agricola,"Konopatzki, E.A. and Christ, D. and Coelho, S.R.M. and Demito, A. and Werncke, I. and da M. Camicia, R.G.",10.1590/1809-4430-Eng.Agric.v42n4e20210003/2022,coffee_quality
COFFEE DRYER WITH DEHYDRATED AIR: A TECHNICAL AND ECONOMIC VIABILITY ANALYSIS,2022,Engenharia Agricola,"Konopatzki, E.A. and Christ, D. and Coelho, S.R.M. and Demito, A. and Werncke, I. and da M. Camicia, R.G.",10.1590/1809-4430-Eng.Agric.v42n4e20210003/2022,mechanical_drying
COFFEE DRYER WITH DEHYDRATED AIR: A TECHNICAL AND ECONOMIC VIABILITY ANALYSIS,2022,Engenharia Agricola,"Konopatzki, E.A. and Christ, D. and Coelho, S.R.M. and Demito, A. and Werncke, I. and da M. Camicia, R.G.",10.1590/1809-4430-Eng.Agric.v42n4e20210003/2022,coffee_drying_stage
Analysis on the Performance of Designed Fluidized Bed Dryer for Drying Coffee Beans,2023,Journal of Advanced Research in Applied Sciences and Engineering Technology,"Konsil, K.K. and Sazali, N. and Kadirgama, K. and Harun, W.S.W. and Zainol, N.",10.37934/araset.31.1.99109,drying_kinetics
Analysis on the Performance of Designed Fluidized Bed Dryer for Drying Coffee Beans,2023,Journal of Advanced Research in Applied Sciences and Engineering Technology,"Konsil, K.K. and Sazali, N. and Kadirgama, K. and Harun, W.S.W. and Zainol, N.",10.37934/araset.31.1.99109,mechanical_drying
Analysis on the Performance of Designed Fluidized Bed Dryer for Drying Coffee Beans,2023,Journal of Advanced Research in Applied Sciences and Engineering Technology,"Konsil, K.K. and Sazali, N. and Kadirgama, K. and Harun, W.S.W. and Zainol, N.",10.37934/araset.31.1.99109,coffee_drying_stage
Quality of natural and pulped coffee as a function of temperature changes during mechanical drying,2018,Coffee Science,"de Oliveira, P.D. and Biaggioni, M.A.M. and Borém, F.M. and Isquierdo, E.P. and de Oliveira Vaz Damasceno, M.",10.25186/cs.v13i4.1435,coffee_quality
Quality of natural and pulped coffee as a function of temperature changes during mechanical drying,2018,Coffee Science,"de Oliveira, P.D. and Biaggioni, M.A.M. and Borém, F.M. and Isquierdo, E.P. and de Oliveira Vaz Damasceno, M.",10.25186/cs.v13i4.1435,drying_kinetics
Quality of natural and pulped coffee as a function of temperature changes during mechanical drying,2018,Coffee Science,"de Oliveira, P.D. and Biaggioni, M.A.M. and Borém, F.M. and Isquierdo, E.P. and de Oliveira Vaz Damasceno, M.",10.25186/cs.v13i4.1435,mechanical_drying
Quality of natural and pulped coffee as a function of temperature changes during mechanical drying,2018,Coffee Science,"de Oliveira, P.D. and Biaggioni, M.A.M. and Borém, F.M. and Isquierdo, E.P. and de Oliveira Vaz Damasceno, M.",10.25186/cs.v13i4.1435,coffee_drying_stage
Comparative analysis of heating efficiency in a coffee bean dryer machine using one and two thermoelectric peltier modules,2025,IOP Conference Series: Earth and Environmental Science,"Mustafa, M.M. and Khalid, F. and Sariman, M.Z. and Aminordin, A. and Shafie, A.M.M.",10.1088/1755-1315/1535/1/012012,drying_kinetics
Comparative analysis of heating efficiency in a coffee bean dryer machine using one and two thermoelectric peltier modules,2025,IOP Conference Series: Earth and Environmental Science,"Mustafa, M.M. and Khalid, F. and Sariman, M.Z. and Aminordin, A. and Shafie, A.M.M.",10.1088/1755-1315/1535/1/012012,coffee_drying_stage
Thermal design of 5 kg capacity coffee bean dryer simulator using Geothermal energy,2019,IOP Conference Series: Earth and Environmental Science,"Hendrarsakti, J. and Firmansyah, M.R.",10.1088/1755-1315/254/1/012019,drying_kinetics
Thermal design of 5 kg capacity coffee bean dryer simulator using Geothermal energy,2019,IOP Conference Series: Earth and Environmental Science,"Hendrarsakti, J. and Firmansyah, M.R.",10.1088/1755-1315/254/1/012019,energy_efficiency
Thermal design of 5 kg capacity coffee bean dryer simulator using Geothermal energy,2019,IOP Conference Series: Earth and Environmental Science,"Hendrarsakti, J. and Firmansyah, M.R.",10.1088/1755-1315/254/1/012019,coffee_drying_stage
Influence of drying condition on the drying constants and activation energy for robusta coffee using heat pump drying,2024,IOP Conference Series: Earth and Environmental Science,"Fauzi, M.B. and Kosasih, E.A. and Dzaky, M.I. and Tong C.W. and Man T.V. and Huat B.S.L. and Hoe W.K.",10.1088/1755-1315/1372/1/012105,drying_kinetics
Influence of drying condition on the drying constants and activation energy for robusta coffee using heat pump drying,2024,IOP Conference Series: Earth and Environmental Science,"Fauzi, M.B. and Kosasih, E.A. and Dzaky, M.I. and Tong C.W. and Man T.V. and Huat B.S.L. and Hoe W.K.",10.1088/1755-1315/1372/1/012105,heat_pump_drying
Influence of drying condition on the drying constants and activation energy for robusta coffee using heat pump drying,2024,IOP Conference Series: Earth and Environmental Science,"Fauzi, M.B. and Kosasih, E.A. and Dzaky, M.I. and Tong C.W. and Man T.V. and Huat B.S.L. and Hoe W.K.",10.1088/1755-1315/1372/1/012105,mechanical_drying
Influence of drying condition on the drying constants and activation energy for robusta coffee using heat pump drying,2024,IOP Conference Series: Earth and Environmental Science,"Fauzi, M.B. and Kosasih, E.A. and Dzaky, M.I. and Tong C.W. and Man T.V. and Huat B.S.L. and Hoe W.K.",10.1088/1755-1315/1372/1/012105,coffee_drying_stage
Origin of black-green defect in the artificial drying of immature coffees,2021,Coffee Science,"Rios, P.A. and Andrade, E.T. and Cardoso, D.B.",10.25186/.v16i.1884,coffee_quality
Origin of black-green defect in the artificial drying of immature coffees,2021,Coffee Science,"Rios, P.A. and Andrade, E.T. and Cardoso, D.B.",10.25186/.v16i.1884,coffee_drying_stage
Impact of drying methods over the germinative potential of conilon coffee of late maturation,2019,Coffee Science,"Posse, S.C.P. and Rodrigues, W.N. and Comério, M. and Volpi, P.S. and Filho, A.C.V. and Posse, R.P. and Oliveira, V.S. and Arantes, S.D.",10.25186/cs.v14i4.1624,coffee_quality
Impact of drying methods over the germinative potential of conilon coffee of late maturation,2019,Coffee Science,"Posse, S.C.P. and Rodrigues, W.N. and Comério, M. and Volpi, P.S. and Filho, A.C.V. and Posse, R.P. and Oliveira, V.S. and Arantes, S.D.",10.25186/cs.v14i4.1624,coffee_drying_stage
Endo-β-mannanase enzyme activity in the structures of coffea arabica l. Seeds under different types of processing and drying,2018,Ciencia Rural,"Ferreira, V.F. and Ricaldoni, M.A. and da Rosa, S.D.V.F. and de Figueiredo, M.A. and Coelho, S.V.B. and Fantazzini, T.B.",10.1590/0103-8478cr20170839,coffee_processing
Modeling and simulation of heat and mass transfer during drying of coffee in a box dryer using C++ programming language,2021,Brazilian Journal of Food Technology,"Rabello, G.L. and Pimentel, U.F. and Aranda, D. and Poubel, W.",10.1590/1981-6723.27220,drying_kinetics
Modeling and simulation of heat and mass transfer during drying of coffee in a box dryer using C++ programming language,2021,Brazilian Journal of Food Technology,"Rabello, G.L. and Pimentel, U.F. and Aranda, D. and Poubel, W.",10.1590/1981-6723.27220,energy_efficiency
Modeling and simulation of heat and mass transfer during drying of coffee in a box dryer using C++ programming language,2021,Brazilian Journal of Food Technology,"Rabello, G.L. and Pimentel, U.F. and Aranda, D. and Poubel, W.",10.1590/1981-6723.27220,coffee_drying_stage
Implementation of fuzzy logic control algorithm for temperature control in robusta rotary dryer coffee bean dryer,2024,MethodsX,"Nafisah, N. and Syamsiana, I.N. and Putri, R.I. and Kusuma, W. and Sumari, A.D.W.",10.1016/j.mex.2024.102580,drying_kinetics
Implementation of fuzzy logic control algorithm for temperature control in robusta rotary dryer coffee bean dryer,2024,MethodsX,"Nafisah, N. and Syamsiana, I.N. and Putri, R.I. and Kusuma, W. and Sumari, A.D.W.",10.1016/j.mex.2024.102580,mechanical_drying
Implementation of fuzzy logic control algorithm for temperature control in robusta rotary dryer coffee bean dryer,2024,MethodsX,"Nafisah, N. and Syamsiana, I.N. and Putri, R.I. and Kusuma, W. and Sumari, A.D.W.",10.1016/j.mex.2024.102580,coffee_drying_stage
Physicochemical and Sensory Properties of Arabica Coffee Beans of Arara cv. Dried Using Different Methods,2024,Foods,"Coelho, E.G. and Bertarini, P.L.L. and Gomes, M.S. and Amaral, L.R. and Zotarelli, M.F. and Santos, L.D. and Santana, R.C.",10.3390/foods13050642,drying_kinetics
Physicochemical and Sensory Properties of Arabica Coffee Beans of Arara cv. Dried Using Different Methods,2024,Foods,"Coelho, E.G. and Bertarini, P.L.L. and Gomes, M.S. and Amaral, L.R. and Zotarelli, M.F. and Santos, L.D. and Santana, R.C.",10.3390/foods13050642,coffee_drying_stage
Comparative seed physiological ecology in Coffea species highlights variation in germination strategies associated with climate and phylogeny,2026,Annals of Botany,"Baschenis, N. and Dussert, S. and Seguin, M. and Lashermes, P. and Joët, T.",10.1093/aob/mcaf291,coffee_general
Physicochemical and sensory analysis of mangrove seed coffee (Sonneratia ovata) compare with robusta coffee from Indonesian origin,2024,Food Research,"Suryono, M.",10.26656/fr.2017.8(3).409,coffee_general
Impact of immature coffee fruits and water addition during spontaneous fermentation process: Chemical composition and sensory profile,2024,Electronic Journal of Biotechnology,"Ferreira, L.J.C. and Casé, I.N. and Bertarini, P.L.L. and Oliveira, L.M.D. and Santos, L.D.",10.1016/j.ejbt.2024.04.001,coffee_processing
"Comparative genome-wide characterization and evolutionary insights into the AP2/ERF gene family in three Coffea species (C. canephora, C. eugenioides, and C. arabica)",2025,BMC Genomics,"Park, S. and Ahn, E. and Zhang, D. and Meinhardt, L.W.",10.1186/s12864-025-11850-0,coffee_general
"Agro-Morphological Traits, Proximate Composition, and Phenotypic Plasticity of Coffea arabica in Contrasting and Very Close Environments in Northern Peru",2025,Agronomy,"García, L. and Veneros, J. and Bolaños-Carriel, C. and Guadalupe, G.A. and Garcia, H. and Mori-Zabarburú, R.C. and Chavez, S.G.",10.3390/agronomy15112465,coffee_general
Effects of geographical origin and post-harvesting processing on the bioactive compounds and sensory quality of Brazilian specialty coffee beans,2024,Food Research International,"Tieghi, H. and Pereira, L.D.A. and Viana, G.S. and Katchborian-Neto, A. and Santana, D.B. and Mincato, R.L. and Dias, D.F. and Chagas-Paula, D.A. and Soares, M.G. and de Araújo, W.G. and Bueno, P.C.P.",10.1016/j.foodres.2024.114346,coffee_quality
Effects of geographical origin and post-harvesting processing on the bioactive compounds and sensory quality of Brazilian specialty coffee beans,2024,Food Research International,"Tieghi, H. and Pereira, L.D.A. and Viana, G.S. and Katchborian-Neto, A. and Santana, D.B. and Mincato, R.L. and Dias, D.F. and Chagas-Paula, D.A. and Soares, M.G. and de Araújo, W.G. and Bueno, P.C.P.",10.1016/j.foodres.2024.114346,coffee_processing
"Unveiling the Impact of Infrared Drying on the Quality of Coffee Leaves: A Comprehensive Analysis of Physicochemical Indices, Antioxidant Potential, Maillard Reaction Products, and Aroma Profile",2025,Journal of Food Science,"Huang, Y. and Sun, Y. and Cao, Q. and Chen, D. and He, R. and Chen, X.",10.1111/1750-3841.70400,coffee_quality
"Unveiling the Impact of Infrared Drying on the Quality of Coffee Leaves: A Comprehensive Analysis of Physicochemical Indices, Antioxidant Potential, Maillard Reaction Products, and Aroma Profile",2025,Journal of Food Science,"Huang, Y. and Sun, Y. and Cao, Q. and Chen, D. and He, R. and Chen, X.",10.1111/1750-3841.70400,mechanical_drying
"Unveiling the Impact of Infrared Drying on the Quality of Coffee Leaves: A Comprehensive Analysis of Physicochemical Indices, Antioxidant Potential, Maillard Reaction Products, and Aroma Profile",2025,Journal of Food Science,"Huang, Y. and Sun, Y. and Cao, Q. and Chen, D. and He, R. and Chen, X.",10.1111/1750-3841.70400,coffee_drying_stage
"Molecular Identification, Phytochemical Profiling, and Organoleptic Evaluation of Arabica Coffee (Coffea arabica) from Timor Leste",2025,Tropical Journal of Natural Product Research,"Jesus, J.A.D. and Wirawan, I.G.P. and Suada, I.K. and Kartini, N.L. and Wijaya, I.N. and Dwiyani, R. and Darmawati, I.A.P. and Trigunasih, N.M. and Dewi, N.K.E.S.",10.26538/tjnpr/v9i8.34,coffee_general
"A Comparative Study of Phenolic Compounds, and the Antioxidant Properties of Arabica Coffee Beans (Coffea arabica) and Robusta Coffee Beans (Coffea canephora) and Their By-Products",2025,Tropical Journal of Natural Product Research,"Himri, C. and Belkhiri, C. and Azizi, S.E. and Loukili, E.H. and Rahhou, I. and Legssyer, M. and Legssyer, B.",10.26538/tjnpr/v9i8.17,coffee_general
"Evaluation of the impact of different drying methods on the phenolic compounds, antioxidant activity, and in vitro digestion of green coffee beans",2019,Food Science and Nutrition,"Cheng, K. and Dong, W. and Long, Y. and Zhao, J. and Hu, R. and Zhang, Y. and Zhu, K.",10.1002/fsn3.948,coffee_quality
"Evaluation of the impact of different drying methods on the phenolic compounds, antioxidant activity, and in vitro digestion of green coffee beans",2019,Food Science and Nutrition,"Cheng, K. and Dong, W. and Long, Y. and Zhao, J. and Hu, R. and Zhang, Y. and Zhu, K.",10.1002/fsn3.948,heat_pump_drying
"Evaluation of the impact of different drying methods on the phenolic compounds, antioxidant activity, and in vitro digestion of green coffee beans",2019,Food Science and Nutrition,"Cheng, K. and Dong, W. and Long, Y. and Zhao, J. and Hu, R. and Zhang, Y. and Zhu, K.",10.1002/fsn3.948,mechanical_drying
"Evaluation of the impact of different drying methods on the phenolic compounds, antioxidant activity, and in vitro digestion of green coffee beans",2019,Food Science and Nutrition,"Cheng, K. and Dong, W. and Long, Y. and Zhao, J. and Hu, R. and Zhang, Y. and Zhu, K.",10.1002/fsn3.948,coffee_drying_stage
Chemical and Biological Characterization of Green and Processed Coffee Beans from Coffea arabica Varieties,2023,Molecules,"Gallardo-Ignacio, J. and Santibáñez, A. and Oropeza-Mariano, O. and Salazar, R. and Montiel-Ruiz, R.M. and Cabrera-Hilerio, S. and Gonzáles-Cortazar, M. and Cruz-Sosa, F. and Nicasio-Torres, P.",10.3390/molecules28124685,coffee_general
"Coffee bean processing: Emerging methods and their effects on chemical, biological and sensory properties",2023,Food Chemistry,"Febrianto, N.A. and Zhu, F.",10.1016/j.foodchem.2023.135489,coffee_general
"Coffee bean processing: Emerging methods and their effects on chemical, biological and sensory properties",2023,Food Chemistry,"Febrianto, N.A. and Zhu, F.",10.1016/j.foodchem.2023.135489,coffee_processing
Development of a novel isothermal heat and mass exchanger for humidity control,2025,Applied Thermal Engineering,"Rahnama, A. and Najafpour, S. and Bahrami, M.",10.1016/j.applthermaleng.2024.125227,drying_kinetics
Effects of Relative Humidity on Temperature Dynamics in Natural Ecosystems: Comparison of Measured and Model-Predicted Data,2025,Environments - MDPI,"de Oliveira Maionchi, D. and da Silva, J.G. and de Paulo, I.J.C. and de Paulo, S.R.",10.3390/environments12120455,drying_kinetics
Effects of humidity control and simulated natural airflow on indoor dynamic thermal comfort,2025,Building Services Engineering Research and Technology,"Cao, S. and Pu, Y. and Gong, W. and Wang, Y.",10.1177/01436244251325186,drying_kinetics
"Convective and microwave drying kinetics and modeling of tomato slices, energy consumption, and efficiency",2022,Journal of Food Process Engineering,"Guemouni, S. and Mouhoubi, K. and Brahmi, F. and Dahmoune, F. and Belbahi, A. and Benyoub, C. and Adjeroud-Abdellatif, N. and Atmani, K. and Bakhouche, H. and Boulekbache-Makhlouf, L. and Madani, K.",10.1111/jfpe.14113,drying_kinetics
"Convective and microwave drying kinetics and modeling of tomato slices, energy consumption, and efficiency",2022,Journal of Food Process Engineering,"Guemouni, S. and Mouhoubi, K. and Brahmi, F. and Dahmoune, F. and Belbahi, A. and Benyoub, C. and Adjeroud-Abdellatif, N. and Atmani, K. and Bakhouche, H. and Boulekbache-Makhlouf, L. and Madani, K.",10.1111/jfpe.14113,energy_efficiency
Solar Dryers: Technical Insights and Bibliometric Trends in Energy Technologies,2024,AgriEngineering,"Villagran, E. and Espitia, J.J. and Velázquez, F.A. and Rodriguez, J.",10.3390/agriengineering6040228,solar_drying
Numerical investigation of phase change material assisted indirect solar dryer for food quality preservation,2023,International Journal of Thermofluids,"Lad, P. and Kumar, R. and Saxena, R. and Patel, J.",10.1016/j.ijft.2023.100305,solar_drying
Scaling-up electrohydrodynamic drying for energy-efficient food drying via physics-based simulations,2021,Journal of Cleaner Production,"Onwude, D.I. and Iranshahi, K. and Rubinetti, D. and Martynenko, A. and Defraeye, T.",10.1016/j.jclepro.2021.129690,dryer_design
Scaling-up electrohydrodynamic drying for energy-efficient food drying via physics-based simulations,2021,Journal of Cleaner Production,"Onwude, D.I. and Iranshahi, K. and Rubinetti, D. and Martynenko, A. and Defraeye, T.",10.1016/j.jclepro.2021.129690,drying_kinetics
Scaling-up electrohydrodynamic drying for energy-efficient food drying via physics-based simulations,2021,Journal of Cleaner Production,"Onwude, D.I. and Iranshahi, K. and Rubinetti, D. and Martynenko, A. and Defraeye, T.",10.1016/j.jclepro.2021.129690,energy_efficiency
A Technological Update on Heat Pumps for Industrial Applications,2024,Energies,"Bobbo, S. and Lombardo, G. and Menegazzo, D. and Vallese, L. and Fedele, L.",10.3390/en17194942,dryer_design
A Technological Update on Heat Pumps for Industrial Applications,2024,Energies,"Bobbo, S. and Lombardo, G. and Menegazzo, D. and Vallese, L. and Fedele, L.",10.3390/en17194942,heat_pump_drying
Experimental assessment of the thermal performance of a heat pump dryer system based on the variations in compressor discharge pressure on oregano drying,2020,Energies,"Salazar-Hincapié, A. and Delgado-Mejía, A. and Romero-Maya, A.F. and Duque-Grisales, E.",10.3390/en13236333,heat_pump_drying
"Phase-segmented analysis of blackberry pomace convective drying: Mass transfer dynamics, exergy efficiency, and staged temperature guidelines",2025,LWT,"Tejeda-Miramontes, J.P. and Galarza-Andrade, I.J. and Escalante-González, J.A. and Tejada-Ortigoza, V. and García-Cayuela, T. and Garcia-Amezquita, L.E.",10.1016/j.lwt.2025.118509,drying_kinetics
Development of hybrid solar-assisted heat pump dryer for drying paddy,2023,Case Studies in Thermal Engineering,"Yahya, M. and Fahmi, H. and Hasibuan, R. and Fudholi, A.",10.1016/j.csite.2023.102936,drying_kinetics
Development of hybrid solar-assisted heat pump dryer for drying paddy,2023,Case Studies in Thermal Engineering,"Yahya, M. and Fahmi, H. and Hasibuan, R. and Fudholi, A.",10.1016/j.csite.2023.102936,heat_pump_drying
"Design and fabricate a smart, energy-efficient, and quality-centric drum drying system",2025,Discover Food,"Ibrahim, A. and Amer, A. and Aboelasaad, G. and Hassan, M.F. and Elsebaee, I. and Gamal, A. and ElKholy, M.",10.1007/s44187-025-00617-x,dryer_design
"Design and fabricate a smart, energy-efficient, and quality-centric drum drying system",2025,Discover Food,"Ibrahim, A. and Amer, A. and Aboelasaad, G. and Hassan, M.F. and Elsebaee, I. and Gamal, A. and ElKholy, M.",10.1007/s44187-025-00617-x,drying_kinetics
"Design and fabricate a smart, energy-efficient, and quality-centric drum drying system",2025,Discover Food,"Ibrahim, A. and Amer, A. and Aboelasaad, G. and Hassan, M.F. and Elsebaee, I. and Gamal, A. and ElKholy, M.",10.1007/s44187-025-00617-x,energy_efficiency
A Review of Energy-Efficient Technologies and Decarbonating Solutions for Process Heat in the Food Industry,2024,Energies,"Faraldo, F. and Byrne, P.",10.3390/en17123051,drying_kinetics
A Review of Energy-Efficient Technologies and Decarbonating Solutions for Process Heat in the Food Industry,2024,Energies,"Faraldo, F. and Byrne, P.",10.3390/en17123051,energy_efficiency
"IMPACT OF DRYING TEMPERATURES ON DRYING BEHAVIOURS, ENERGY CONSUMPTION AND QUALITY OF PURPLE SWEET POTATO FLOUR",2022,"Acta Scientiarum Polonorum, Technologia Alimentaria","Thuy, N.M. and Hiep, L.H. and Tai, N.V. and Huong, H.T.T. and Minh, V.Q.",10.17306/J.AFS.2022.1061,drying_kinetics
"IMPACT OF DRYING TEMPERATURES ON DRYING BEHAVIOURS, ENERGY CONSUMPTION AND QUALITY OF PURPLE SWEET POTATO FLOUR",2022,"Acta Scientiarum Polonorum, Technologia Alimentaria","Thuy, N.M. and Hiep, L.H. and Tai, N.V. and Huong, H.T.T. and Minh, V.Q.",10.17306/J.AFS.2022.1061,energy_efficiency
"Effect of different drying methods on kinetics, energy-economic analysis, and quality attributes of dried Panax-notoginseng",2025,Industrial Crops and Products,"Hadibi, T. and Mengjie, S. and Hamid, M. and Wang, Y. and Ming, L. and Rong, J. and Allaf, K. and Fang-ling, F. and Cuixian, P. and Arıcı, M. and Hassanien, R.H.E. and Abdelkader, T.K.",10.1016/j.indcrop.2024.120345,drying_kinetics
Current Status of Grain Drying Technology and Equipment Development: A Review,2025,Foods,"Yu, P. and Zhu, W. and Shen, C. and Qiao, Y. and Zhang, W. and Zhu, Y. and Gong, J. and Cai, J.",10.3390/foods14142426,drying_kinetics
Current Status of Grain Drying Technology and Equipment Development: A Review,2025,Foods,"Yu, P. and Zhu, W. and Shen, C. and Qiao, Y. and Zhang, W. and Zhu, Y. and Gong, J. and Cai, J.",10.3390/foods14142426,energy_efficiency
"Effect of pretreatments on convective and infrared drying kinetics, energy consumption and quality of terebinth",2021,Applied Sciences (Switzerland),"Abbaspour-Gilandeh, Y. and Kaveh, M. and Fatemi, H. and Khalife, E. and Witrowa-Rajchert, D. and Nowacka, M.",10.3390/app11167672,drying_kinetics
"Effect of pretreatments on convective and infrared drying kinetics, energy consumption and quality of terebinth",2021,Applied Sciences (Switzerland),"Abbaspour-Gilandeh, Y. and Kaveh, M. and Fatemi, H. and Khalife, E. and Witrowa-Rajchert, D. and Nowacka, M.",10.3390/app11167672,energy_efficiency
Design and Experiment of Drying Equipment for Alfalfa Bales,2025,Agriculture (Switzerland),"Du, J. and Sun, Z. and Chen, Z.",10.3390/agriculture15192000,dryer_design
"Application of experimental, numerical, and machine learning techniques to improve drying performance and decrease energy consumption infrared continuous dryer",2025,Case Studies in Thermal Engineering,"El-Mesery, H.S. and Qenawy, M. and Elmesiry, A.H. and Ali, M. and Adelusi, O.A. and Hu, Z. and Salem, A.",10.1016/j.csite.2025.106025,drying_kinetics
"Application of experimental, numerical, and machine learning techniques to improve drying performance and decrease energy consumption infrared continuous dryer",2025,Case Studies in Thermal Engineering,"El-Mesery, H.S. and Qenawy, M. and Elmesiry, A.H. and Ali, M. and Adelusi, O.A. and Hu, Z. and Salem, A.",10.1016/j.csite.2025.106025,energy_efficiency
"Effect of tray elevation and cassava load on solar drying performance, energy efficiency, and drying kinetics",2026,Results in Engineering,"Cansee, S. and Saenkham, S. and Hu, S. and Kanasri, T.",10.1016/j.rineng.2026.109491,drying_kinetics
"Effect of tray elevation and cassava load on solar drying performance, energy efficiency, and drying kinetics",2026,Results in Engineering,"Cansee, S. and Saenkham, S. and Hu, S. and Kanasri, T.",10.1016/j.rineng.2026.109491,energy_efficiency
Comparative evaluation of greenhouse gas emissions and specific energy consumption of different drying techniques in pear slices,2023,European Food Research and Technology,"Kaveh, M. and Çetin, N. and Gilandeh, Y.A. and Sharifian, F. and Szymanek, M.",10.1007/s00217-023-04346-2,drying_kinetics
Comparative evaluation of greenhouse gas emissions and specific energy consumption of different drying techniques in pear slices,2023,European Food Research and Technology,"Kaveh, M. and Çetin, N. and Gilandeh, Y.A. and Sharifian, F. and Szymanek, M.",10.1007/s00217-023-04346-2,energy_efficiency
"Advances in Computational Fluid Dynamics of Mechanical Processes in Food Engineering: Mixing, Extrusion, Drying, and Process Optimization",2025,Applied Sciences (Switzerland),"Szpicer, A. and Bińkowska, W. and Stelmasiak, A. and Wojtasik-Kalinowska, I. and Czajkowska, A. and Mierzejewska, S. and Domiszewski, Z. and Rydzkowski, T. and Piepiórka-Stepuk, J. and Półtorak, A.",10.3390/app15158752,drying_kinetics
"Advances in Computational Fluid Dynamics of Mechanical Processes in Food Engineering: Mixing, Extrusion, Drying, and Process Optimization",2025,Applied Sciences (Switzerland),"Szpicer, A. and Bińkowska, W. and Stelmasiak, A. and Wojtasik-Kalinowska, I. and Czajkowska, A. and Mierzejewska, S. and Domiszewski, Z. and Rydzkowski, T. and Piepiórka-Stepuk, J. and Półtorak, A.",10.3390/app15158752,energy_efficiency
Exergy Analysis of a Convective Heat Pump Dryer Integrated with a Membrane Energy Recovery Ventilator,2025,Entropy,"Balaraman, A. and Rahman, M.A. and Ziviani, D. and Warsinger, D.M.",10.3390/e27020197,heat_pump_drying
A novel absorption-based enclosed heat pump dryer with combining liquid desiccant dehumidification and mechanical vapor recompression: Case study and performance evaluation,2022,Case Studies in Thermal Engineering,"Su, W. and Ma, D. and Lu, Z. and Jiang, W. and Wang, F. and Xiaosong, Z.",10.1016/j.csite.2022.102091,heat_pump_drying
Optimization of thermal efficiency and energy consumption in a hybrid infrared heating technique: Artificial intelligence and computational simulations,2025,Results in Engineering,"Liu, F. and El-Mesery, H.S. and ElMesiry, A.H. and Husein, M. and Mahdi, A.A.",10.1016/j.rineng.2025.106054,drying_kinetics
Optimization of thermal efficiency and energy consumption in a hybrid infrared heating technique: Artificial intelligence and computational simulations,2025,Results in Engineering,"Liu, F. and El-Mesery, H.S. and ElMesiry, A.H. and Husein, M. and Mahdi, A.A.",10.1016/j.rineng.2025.106054,energy_efficiency
Impact of different pretreatments on drying kinetics and quality of button mushroom slices dried by hot-air or electrohydrodynamic drying,2022,LWT,"Mirzaei-Baktash, H. and Hamdami, N. and Torabi, P. and Fallah-Joshaqani, S. and Dalvi-Isfahan, M.",10.1016/j.lwt.2021.112894,drying_kinetics
Performance enhancement of a sludge continuous feed heat pump drying system by air deflectors and auxiliary cooling subsystems,2020,Energies,"Luo, W.-J. and Lin, C.-Y. and Wu, N.-F. and Xu, Z.-Q.",10.3390/en13246651,heat_pump_drying
Study on drying characteristics of yam slices under heat pump-electrohydrodynamics combined drying,2023,Case Studies in Thermal Engineering,"Meng, Z. and Cui, X. and Zhang, H. and Liu, Y. and Wang, Z. and Zhang, F.",10.1016/j.csite.2022.102601,drying_kinetics
Study on drying characteristics of yam slices under heat pump-electrohydrodynamics combined drying,2023,Case Studies in Thermal Engineering,"Meng, Z. and Cui, X. and Zhang, H. and Liu, Y. and Wang, Z. and Zhang, F.",10.1016/j.csite.2022.102601,heat_pump_drying
Energy-efficient technologies for thermal treatment and drying of food products,2025,Journal of Central European Agriculture,"Burdo, O. and Bezbah, I. and Bandura, V. and Bezbah, S. and Petrovskyi, V. and Osadchuk, P.",10.5513/JCEA01/26.2.4515,drying_kinetics
Energy-efficient technologies for thermal treatment and drying of food products,2025,Journal of Central European Agriculture,"Burdo, O. and Bezbah, I. and Bandura, V. and Bezbah, S. and Petrovskyi, V. and Osadchuk, P.",10.5513/JCEA01/26.2.4515,energy_efficiency
Thermodynamically analysis and optimization of potato drying in a combined infrared/convective dryer,2023,Case Studies in Thermal Engineering,"Geng, Z. and Wang, H. and Torki, M. and Beigi, M. and Zhu, L. and Huang, X. and Yang, X. and Hu, B.",10.1016/j.csite.2022.102671,drying_kinetics
Thermodynamically analysis and optimization of potato drying in a combined infrared/convective dryer,2023,Case Studies in Thermal Engineering,"Geng, Z. and Wang, H. and Torki, M. and Beigi, M. and Zhu, L. and Huang, X. and Yang, X. and Hu, B.",10.1016/j.csite.2022.102671,energy_efficiency
Improvement of equipment in order to intensify the process of drying dispersed food products,2020,Eastern-European Journal of Enterprise Technologies,"Sabadash, S. and Savchenko-Pererva, M. and Radchuk, O. and Rozhkova, L. and Zahorulko, A.",10.15587/1729-4061.2020.192363,drying_kinetics
Application of numerical analysis and machine learning techniques to improve drying performance and energy consumption of microwave-assisted convective dryer,2025,Results in Engineering,"El-Mesery, H.S. and ElMesiry, A.H. and Kaveh, M. and Hu, Z. and Elwakeel, A.E. and Elhadad, S.",10.1016/j.rineng.2025.106059,drying_kinetics
Application of numerical analysis and machine learning techniques to improve drying performance and energy consumption of microwave-assisted convective dryer,2025,Results in Engineering,"El-Mesery, H.S. and ElMesiry, A.H. and Kaveh, M. and Hu, Z. and Elwakeel, A.E. and Elhadad, S.",10.1016/j.rineng.2025.106059,energy_efficiency
Experimental Investigations of Thin-layer Drying of Leaves in a Heat-Pump Assisted Tray-type Batch Drying Chamber,2020,Strojniski Vestnik/Journal of Mechanical Engineering,"Babu, A.K. and Kumaresan, G. and Antony Aroul Raj, V. and Velraj, R.",10.5545/sv-jme.2019.6510,heat_pump_drying
"Examination of different drying methods in sultana seedless grapes in terms of drying kinetics, energy consumption and product quality",2020,Journal of Tekirdag Agricultural Faculty,"Karacabey, E. and Aktas, T. and Taseri, L. and Uysal Seçkin, G.",10.33462/jotaf.578962,drying_kinetics
"Examination of different drying methods in sultana seedless grapes in terms of drying kinetics, energy consumption and product quality",2020,Journal of Tekirdag Agricultural Faculty,"Karacabey, E. and Aktas, T. and Taseri, L. and Uysal Seçkin, G.",10.33462/jotaf.578962,energy_efficiency
Simulation Study on the Performance of an Enhanced Vapor-Injection Heat-Pump Drying System,2022,Energies,"Dong, S. and Liu, Y. and Meng, Z. and Zhai, S. and Hu, K. and Zhang, F. and Zhou, D.",10.3390/en15249542,heat_pump_drying
Improvements in drying technologies - Efficient solutions for cleaner production with higher energy efficiency and reduced emission,2021,Journal of Cleaner Production,"Chojnacka, K. and Mikula, K. and Izydorczyk, G. and Skrzypczak, D. and Witek-Krowiak, A. and Moustakas, K. and Ludwig, W. and Kułażyński, M.",10.1016/j.jclepro.2021.128706,dryer_design
Improvements in drying technologies - Efficient solutions for cleaner production with higher energy efficiency and reduced emission,2021,Journal of Cleaner Production,"Chojnacka, K. and Mikula, K. and Izydorczyk, G. and Skrzypczak, D. and Witek-Krowiak, A. and Moustakas, K. and Ludwig, W. and Kułażyński, M.",10.1016/j.jclepro.2021.128706,drying_kinetics
Improvements in drying technologies - Efficient solutions for cleaner production with higher energy efficiency and reduced emission,2021,Journal of Cleaner Production,"Chojnacka, K. and Mikula, K. and Izydorczyk, G. and Skrzypczak, D. and Witek-Krowiak, A. and Moustakas, K. and Ludwig, W. and Kułażyński, M.",10.1016/j.jclepro.2021.128706,energy_efficiency
Simulation of coffee fruit drying using computational fluid dynamics,2018,Coffee Science,"Amaral, R. and de Andrade, E.T. and Gomes, F.C. and Borém, F.M. and Lemos, I.A. and de Almeida Dias, C.",10.25186/cs.v13i4.1489,drying_kinetics
Simulation of coffee fruit drying using computational fluid dynamics,2018,Coffee Science,"Amaral, R. and de Andrade, E.T. and Gomes, F.C. and Borém, F.M. and Lemos, I.A. and de Almeida Dias, C.",10.25186/cs.v13i4.1489,coffee_drying_stage
Thermophysical properties of parchment coffee: New Colombian varieties,2023,Journal of Food Process Engineering,"Duque-Dussán, E. and Sanz-Uribe, J.R. and Dussán-Lubert, C. and Banout, J.",10.1111/jfpe.14300,coffee_drying_stage
Modelling of a continuous veneer drying unit of industrial scale and model-based ANOVA of the energy efficiency,2022,Energy,"Gradov, D.V. and Yusuf, Y.O. and Ohjainen, J. and Suuronen, J. and Eskola, R. and Roininen, L. and Koiranen, T.",10.1016/j.energy.2021.122673,dryer_design
Modelling of a continuous veneer drying unit of industrial scale and model-based ANOVA of the energy efficiency,2022,Energy,"Gradov, D.V. and Yusuf, Y.O. and Ohjainen, J. and Suuronen, J. and Eskola, R. and Roininen, L. and Koiranen, T.",10.1016/j.energy.2021.122673,drying_kinetics
Modelling of a continuous veneer drying unit of industrial scale and model-based ANOVA of the energy efficiency,2022,Energy,"Gradov, D.V. and Yusuf, Y.O. and Ohjainen, J. and Suuronen, J. and Eskola, R. and Roininen, L. and Koiranen, T.",10.1016/j.energy.2021.122673,energy_efficiency
Study on the variable-temperature drying process of corn drying in an industrial corn-drying system equipped with a self-adaptive control heat exchanger,2021,Applied Sciences (Switzerland),"Li, B. and Zeng, Z. and Zhang, X. and Zhang, Y.",10.3390/app11062772,dryer_design
Study on the variable-temperature drying process of corn drying in an industrial corn-drying system equipped with a self-adaptive control heat exchanger,2021,Applied Sciences (Switzerland),"Li, B. and Zeng, Z. and Zhang, X. and Zhang, Y.",10.3390/app11062772,drying_kinetics
Study on the variable-temperature drying process of corn drying in an industrial corn-drying system equipped with a self-adaptive control heat exchanger,2021,Applied Sciences (Switzerland),"Li, B. and Zeng, Z. and Zhang, X. and Zhang, Y.",10.3390/app11062772,energy_efficiency
Sensory and physiological quality of arabic coffee under different fermentation times,2020,Bioscience Journal,"Do Carmo, K.B. and Do Carmo, J.C.B. and Krause, M.R. and Peterle, G.",10.14393/BJ-v36n2a2020-43255,coffee_processing
Viability of an Open-Loop Heat Pump Drying System in South African Climatic Conditions †,2024,Energies,"Ngalonkulu, S.M. and Huan, Z.",10.3390/en17102432,heat_pump_drying
A comprehensive review of heat pump wood drying technologies,2024,Energy,"Gao, L. and Fix, A. and Seabourne, T. and Pei, Y. and Adegbaye, P. and Hwang, Y. and Yang, B. and Radermacher, R.",10.1016/j.energy.2024.133241,heat_pump_drying
Different elevation affects the biochemical composition and regulatory patterns of polyphenol compounds in (Coffea arabica),2025,Beverage Plant Research,"Zaman, S. and Li, Z. and Dong, Y. and Luo, G. and Shan, Z. and Zhang, C.",10.48130/bpr-0025-0020,coffee_general
Sensory analysis of coffee dried with and without stirring,2018,Coffee Science,"Ribeiro, B.B. and de Medeiros Câmara, F.M. and Mendes, A.N.G. and da Silva, V.A. and Montanari, F.F.",10.25186/cs.v13i4.1472,coffee_drying_stage
NUMERICAL APPROACH FOR PREDICTION OF AIRFLOW BEHAVIOR IN COFFEE BEAN MONOLAYERS DURING DRYING PROCESS,2022,Engenharia Agricola,"Bustos-Vanegas, J.D. and Aragón, L. and Gutiérrez-Guzmán, N. and Córdoba, N.",10.1590/1809-4430-ENG.AGRIC.V42N2E20210205/2022,drying_kinetics
NUMERICAL APPROACH FOR PREDICTION OF AIRFLOW BEHAVIOR IN COFFEE BEAN MONOLAYERS DURING DRYING PROCESS,2022,Engenharia Agricola,"Bustos-Vanegas, J.D. and Aragón, L. and Gutiérrez-Guzmán, N. and Córdoba, N.",10.1590/1809-4430-ENG.AGRIC.V42N2E20210205/2022,coffee_drying_stage
Mathematical modeling of coffee beans drying: addressing challenges of determining moisture ratio under natural conditions,2025,Coffee Science,"Romero Leiton, J.P. and Gomez, T.P.C. and Mesa-Mazo, M.J. and Eraso-Checa, F. and Lagos, C. and Sekkak, I.",10.25186/.v20i.2385,drying_kinetics
Mathematical modeling of coffee beans drying: addressing challenges of determining moisture ratio under natural conditions,2025,Coffee Science,"Romero Leiton, J.P. and Gomez, T.P.C. and Mesa-Mazo, M.J. and Eraso-Checa, F. and Lagos, C. and Sekkak, I.",10.25186/.v20i.2385,coffee_drying_stage
Recent Applications of Heat Pump Dryer for Drying of Fruit Crops: A Review,2021,International Journal of Fruit Science,"Salehi, F.",10.1080/15538362.2021.1911746,heat_pump_drying
Preservation of fruits through drying—A comprehensive review of experiments and modeling approaches,2024,Journal of Food Process Engineering,"Kilic, M. and Sahin, M. and Hassan, A. and Ullah, A.",10.1111/jfpe.14568,drying_kinetics
Bioclimatic analysis of three buildings for wet processing of coffee in Colombia,2018,Revista Facultad Nacional de Agronomia Medellin,"Hernández, R.O. and Tinôco, I.F.F. and Carlo, J.C. and Saraz, J.A.O. and Torres, I.D.A.",10.15446/rfnam.v71n3.64566,coffee_processing
Bioclimatic analysis of three buildings for wet processing of coffee in Colombia,2018,Revista Facultad Nacional de Agronomia Medellin,"Hernández, R.O. and Tinôco, I.F.F. and Carlo, J.C. and Saraz, J.A.O. and Torres, I.D.A.",10.15446/rfnam.v71n3.64566,coffee_drying_stage
Thermodynamic properties of water adsorption of Coffea arabica L. grains,2020,Cientifica,"Dos Santos, S.G.F. and Almeida, V.G. and Cruz, D.R.C. and Rodovalho, R.S.",10.15361/1984-5529.2020V48N4P302-310,drying_kinetics
Thermodynamic properties of water adsorption of Coffea arabica L. grains,2020,Cientifica,"Dos Santos, S.G.F. and Almeida, V.G. and Cruz, D.R.C. and Rodovalho, R.S.",10.15361/1984-5529.2020V48N4P302-310,coffee_drying_stage
Mathematical modeling of dehydration resistance of pericarp tissues and endosperm in fruits of Arabic coffee,2020,Coffee Science,"Dias, C.A. and de Andrade, E.T. and Lemos, I.À. and Borém, F.M. and Westerich, D.N. and da Silva, A.C.A.",10.25186/.v15i.1670,coffee_drying_stage
Computational fluid dynamics assessment of effect of different openings configurations on the thermal environment of a facility for coffee wet processing,2020,Journal of Agricultural Engineering,"Hernandez, R.O. and Saraz, J.A.O. and Oliveira, K.S. and Aristizaba, I.D. and Arango, J.C.",10.4081/jae.2020.892,coffee_processing
"The role of wet fermentation in enhancing coffee flavor, aroma and sensory quality",2021,European Food Research and Technology,"Elhalis, H. and Cox, J. and Frank, D. and Zhao, J.",10.1007/s00217-020-03641-6,coffee_processing
Design and Development of Equipment forAgricultural Grains and Coffee Cherry,2024,AIP Conference Proceedings,"Stanley, G. and Thufail, M. and Gopala, M. and Ali, S.M. and Tanappagol, P. and Anthony, J. and Hegde R. and Kodi S.K.S. and Rao G.",10.1063/5.0195881,dryer_design
Design and Development of Equipment forAgricultural Grains and Coffee Cherry,2024,AIP Conference Proceedings,"Stanley, G. and Thufail, M. and Gopala, M. and Ali, S.M. and Tanappagol, P. and Anthony, J. and Hegde R. and Kodi S.K.S. and Rao G.",10.1063/5.0195881,coffee_drying_stage
